Country Name,Country Code,Indicator Name,Indicator Code,2000,2001,2002,2003,2004,2005,2006,2007,2008,2009,2010,2011,2012,2013,2014,2015
Aruba,ABW,"People using at least basic sanitation services, rural (% of rural population)",SH.STA.BASS.RU.ZS,,,,,,,,,,,,,,,,
Afghanistan,AFG,"People using at least basic sanitation services, rural (% of rural population)",SH.STA.BASS.RU.ZS,21.89740758,21.89740758,22.68759211,23.47777664,24.26796117,25.0581457,25.84833022,26.63851475,27.42869928,28.21888381,29.00906833,29.79925286,30.58943739,31.37962192,32.16980645,32.95999097
Angola,AGO,"People using at least basic sanitation services, rural (% of rural population)",SH.STA.BASS.RU.ZS,7.531021585,8.454653754,9.378285923,10.30191809,11.22555026,12.14918243,13.0728146,13.99644677,14.92007894,15.84371111,16.76734328,17.69097545,18.61460762,19.53823978,20.46187195,21.38550412
Albania,ALB,"People using at least basic sanitation services, rural (% of rural population)",SH.STA.BASS.RU.ZS,82.11326897,83.1968688,84.28046864,85.36406848,86.44766831,87.53126815,88.61486799,89.69846782,90.78206766,91.8656675,92.94926733,94.03286717,95.116467,96.20006684,96.88553266,96.88553266
Andorra,AND,"People using at least basic sanitation services, rural (% of rural population)",SH.STA.BASS.RU.ZS,100,100,100,100,100,100,100,100,100,100,100,100,100,100,100,100
Arab World,ARB,"People using at least basic sanitation services, rural (% of rural population)",SH.STA.BASS.RU.ZS,57.48857837,57.8682831,58.25401971,58.79789662,59.35730383,60.04781224,60.75827728,61.34896181,62.11956495,62.88131405,63.6246081,64.39530359,65.09910659,65.79526749,66.32695272,66.81289626
United Arab Emirates,ARE,"People using at least basic sanitation services, rural (% of rural population)",SH.STA.BASS.RU.ZS,99.95170966,99.95170966,99.95170966,99.95170966,99.95170966,99.95170966,99.95170966,99.95170966,99.95170966,99.95170966,99.95170966,99.95170966,99.95170966,99.95170966,99.95170966,99.95170966
Argentina,ARG,"People using at least basic sanitation services, rural (% of rural population)",SH.STA.BASS.RU.ZS,96.7103149,96.44828341,96.18625192,95.92422043,95.66218894,95.40015745,95.13812596,94.87609447,94.61406298,94.35203149,94.09,93.82796851,93.56593702,93.56593702,93.56593702,93.56593702
Armenia,ARM,"People using at least basic sanitation services, rural (% of rural population)",SH.STA.BASS.RU.ZS,81.55013515,81.67116844,81.79220174,81.91323503,82.03426832,82.15530162,82.27633491,82.3973682,82.5184015,82.63943479,82.76046808,82.88150138,83.00253467,83.12356796,83.24460126,83.36563455
American Samoa,ASM,"People using at least basic sanitation services, rural (% of rural population)",SH.STA.BASS.RU.ZS,,,,,,,,,,,,,,,,
Antigua and Barbuda,ATG,"People using at least basic sanitation services, rural (% of rural population)",SH.STA.BASS.RU.ZS,,,,,,,,,,,,,,,,
Australia,AUS,"People using at least basic sanitation services, rural (% of rural population)",SH.STA.BASS.RU.ZS,,,,,,,,,,,,,,,,
Austria,AUT,"People using at least basic sanitation services, rural (% of rural population)",SH.STA.BASS.RU.ZS,99.99994848,99.99997268,99.99999688,100,100,100,100,100,100,100,100,100,100,100,100,100
Azerbaijan,AZE,"People using at least basic sanitation services, rural (% of rural population)",SH.STA.BASS.RU.ZS,53.52438851,55.73245184,57.94051516,60.14857848,62.35664181,64.56470513,66.77276846,68.98083178,71.1888951,73.39695843,75.60502175,77.81308507,80.0211484,82.22921172,84.43727504,86.64533837
Burundi,BDI,"People using at least basic sanitation services, rural (% of rural population)",SH.STA.BASS.RU.ZS,42.12634154,42.76453951,43.40273749,44.04093546,44.67913344,45.31733141,45.95552938,46.59372736,47.23192533,47.8701233,48.50832128,49.14651925,49.78471722,50.4229152,51.06111317,51.06111317
Belgium,BEL,"People using at least basic sanitation services, rural (% of rural population)",SH.STA.BASS.RU.ZS,99.48561787,99.48545009,99.48528231,99.48511453,99.48494676,99.48477898,99.4846112,99.48444342,99.48427565,99.48410787,99.48394009,99.48377231,99.48360454,99.48343676,99.48326898,99.4831012
Benin,BEN,"People using at least basic sanitation services, rural (% of rural population)",SH.STA.BASS.RU.ZS,3.347951563,3.484457162,3.62096276,3.757468359,3.893973957,4.030479556,4.166985154,4.303490753,4.439996351,4.57650195,4.713007549,4.849513147,4.986018746,5.122524344,5.259029943,5.395535541
Burkina Faso,BFA,"People using at least basic sanitation services, rural (% of rural population)",SH.STA.BASS.RU.ZS,2.07916621,2.07916621,2.774049847,3.468933483,4.16381712,4.858700756,5.553584393,6.248468029,6.943351666,7.638235302,8.333118939,9.028002575,9.722886212,10.41776985,11.11265348,11.80753712
Bangladesh,BGD,"People using at least basic sanitation services, rural (% of rural population)",SH.STA.BASS.RU.ZS,20.59160899,22.11276824,23.63392749,25.15508674,26.67624599,28.19740524,29.71856449,31.23972373,32.76088298,34.28204223,35.80320148,37.32436073,38.84551998,40.36667923,41.88783847,43.40899772
Bulgaria,BGR,"People using at least basic sanitation services, rural (% of rural population)",SH.STA.BASS.RU.ZS,83.71607516,83.71607516,83.71606742,83.71578521,83.715503,83.71522079,83.71493858,83.71465637,83.71437416,83.71409195,83.71380974,83.71352753,83.71324532,83.71296311,83.7126809,83.71239869
Bahrain,BHR,"People using at least basic sanitation services, rural (% of rural population)",SH.STA.BASS.RU.ZS,,,,,,,,,,,,,,,,
"Bahamas, The",BHS,"People using at least basic sanitation services, rural (% of rural population)",SH.STA.BASS.RU.ZS,,,,,,,,,,,,,,,,
Bosnia and Herzegovina,BIH,"People using at least basic sanitation services, rural (% of rural population)",SH.STA.BASS.RU.ZS,92.6798858,92.6340675,92.58824921,92.54243091,92.49661261,92.45079431,92.40497601,92.35915771,92.31333941,92.26752111,92.22170281,92.17588451,92.13006621,92.08424791,92.03842962,92.03842962
Belarus,BLR,"People using at least basic sanitation services, rural (% of rural population)",SH.STA.BASS.RU.ZS,97.38830664,97.38830664,97.38830664,97.38830664,97.18320492,96.9781032,96.77300148,96.56789976,96.36279804,96.15769632,95.95259461,95.74749289,95.54239117,95.33728945,95.13218773,94.92708601
Belize,BLZ,"People using at least basic sanitation services, rural (% of rural population)",SH.STA.BASS.RU.ZS,78.692517,79.04923793,79.40595887,79.7626798,80.11940074,80.47612167,80.83284261,81.18956354,81.54628448,81.90300541,82.25972635,82.61644728,82.97316822,83.32988915,83.68661009,84.04333102
Bermuda,BMU,"People using at least basic sanitation services, rural (% of rural population)",SH.STA.BASS.RU.ZS,,,,,,,,,,,,,,,,
Bolivia,BOL,"People using at least basic sanitation services, rural (% of rural population)",SH.STA.BASS.RU.ZS,17.78200278,18.38334009,18.9846774,19.58601472,20.18735203,20.78868934,21.39002666,21.99136397,22.59270129,23.1940386,23.79537591,24.39671323,24.99805054,25.59938785,26.20072517,26.80206248
Brazil,BRA,"People using at least basic sanitation services, rural (% of rural population)",SH.STA.BASS.RU.ZS,35.72273719,37.20715425,38.69157131,40.17598837,41.66040543,43.14482249,44.62923955,46.1136566,47.59807366,49.08249072,50.56690778,52.05132484,53.5357419,55.02015896,56.50457602,57.98899308
Barbados,BRB,"People using at least basic sanitation services, rural (% of rural population)",SH.STA.BASS.RU.ZS,,,,,,,,,,,,,,,,
Brunei Darussalam,BRN,"People using at least basic sanitation services, rural (% of rural population)",SH.STA.BASS.RU.ZS,,,,,,,,97.33837879,97.33837879,97.33837879,97.33837879,97.33837879,97.33837879,97.33837879,97.33837879,97.33837879
Bhutan,BTN,"People using at least basic sanitation services, rural (% of rural population)",SH.STA.BASS.RU.ZS,45.91854183,45.91854183,46.71489997,47.51125812,48.30761626,49.10397441,49.90033255,50.69669069,51.49304884,52.28940698,53.08576513,53.88212327,54.67848142,55.47483956,56.27119771,57.06755585
Botswana,BWA,"People using at least basic sanitation services, rural (% of rural population)",SH.STA.BASS.RU.ZS,34.5550824,34.93312948,35.31117656,35.68922364,36.06727072,36.4453178,36.82336488,37.20141196,37.57945904,37.95750612,38.3355532,38.71360028,39.09164736,39.46969444,39.46969444,39.46969444
Central African Republic,CAF,"People using at least basic sanitation services, rural (% of rural population)",SH.STA.BASS.RU.ZS,8.357616614,8.415607425,8.473598237,8.531589048,8.589579859,8.64757067,8.705561481,8.763552293,8.821543104,8.879533915,8.937524726,8.995515537,9.053506349,9.053506349,9.053506349,9.053506349
Canada,CAN,"People using at least basic sanitation services, rural (% of rural population)",SH.STA.BASS.RU.ZS,,,,,,,,,,,,,,,,
Central Europe and the Baltics,CEB,"People using at least basic sanitation services, rural (% of rural population)",SH.STA.BASS.RU.ZS,84.9040103,85.65070641,86.40832238,87.15706787,87.91662981,88.68562963,84.2513967,84.90383524,85.57442556,86.21961293,86.85642054,87.48472739,88.11241359,88.73333978,89.35859675,89.99611009
Switzerland,CHE,"People using at least basic sanitation services, rural (% of rural population)",SH.STA.BASS.RU.ZS,99.8997996,99.8990331,99.89666975,99.89430639,99.89194303,99.88957967,99.88721631,99.88485295,99.8824896,99.88012624,99.87776288,99.87539952,99.87303616,99.8706728,99.86830944,99.86594609
Channel Islands,CHI,"People using at least basic sanitation services, rural (% of rural population)",SH.STA.BASS.RU.ZS,,,,,,,,,,,,,,,,
Chile,CHL,"People using at least basic sanitation services, rural (% of rural population)",SH.STA.BASS.RU.ZS,67.17014121,69.35302207,71.53590294,73.7187838,75.90166467,78.08454553,80.2674264,82.45030727,84.63318813,86.816069,88.99894986,91.18183073,93.3647116,95.54759246,97.73047333,98.93227985
China,CHN,"People using at least basic sanitation services, rural (% of rural population)",SH.STA.BASS.RU.ZS,51.59079271,51.59079271,52.26373335,52.93667398,53.60961461,54.28255525,54.95549588,55.62843652,56.30137715,56.97431778,57.64725842,58.32019905,58.99313969,59.66608032,60.33902095,61.01196159
Cote d'Ivoire,CIV,"People using at least basic sanitation services, rural (% of rural population)",SH.STA.BASS.RU.ZS,8.873267804,9.12527799,9.377288176,9.629298362,9.881308548,10.13331873,10.38532892,10.63733911,10.88934929,11.14135948,11.39336966,11.64537985,11.89739004,12.14940022,12.40141041,12.65342059
Cameroon,CMR,"People using at least basic sanitation services, rural (% of rural population)",SH.STA.BASS.RU.ZS,26.27301957,25.78093652,25.28885348,24.79677044,24.30468739,23.81260435,23.32052131,22.82843826,22.33635522,21.84427218,21.35218913,20.86010609,20.36802305,19.87594,19.38385696,18.89177392
"Congo, Dem. Rep.",COD,"People using at least basic sanitation services, rural (% of rural population)",SH.STA.BASS.RU.ZS,21.45677933,21.19611575,20.93545216,20.67478858,20.41412499,20.15346141,19.89279782,19.63213424,19.37147066,19.11080707,18.85014349,18.5894799,18.32881632,18.06815273,17.80748915,17.54682556
"Congo, Rep.",COG,"People using at least basic sanitation services, rural (% of rural population)",SH.STA.BASS.RU.ZS,5.582646088,5.582646088,5.583126412,5.583606736,5.58408706,5.584567384,5.585047708,5.585528032,5.586008356,5.58648868,5.586969004,5.587449328,5.587929652,5.588409976,5.5888903,5.5888903
Colombia,COL,"People using at least basic sanitation services, rural (% of rural population)",SH.STA.BASS.RU.ZS,50.52918172,51.96030323,53.39142474,54.82254625,56.25366776,57.68478927,59.11591078,60.54703229,61.97815381,63.40927532,64.84039683,66.27151834,67.70263985,69.13376136,70.56488287,71.99600439
Comoros,COM,"People using at least basic sanitation services, rural (% of rural population)",SH.STA.BASS.RU.ZS,22.0458014,22.54190862,23.03801584,23.53412306,24.03023028,24.5263375,25.02244471,25.51855193,26.01465915,26.51076637,27.00687359,27.50298081,27.99908802,28.49519524,28.99130246,28.99130246
Cabo Verde,CPV,"People using at least basic sanitation services, rural (% of rural population)",SH.STA.BASS.RU.ZS,22.78267774,24.901531,27.02038426,29.13923752,31.25809078,33.37694404,35.4957973,37.61465056,39.73350382,41.85235708,43.97121034,46.0900636,48.20891687,49.94206992,50.28010441,50.59596839
Costa Rica,CRI,"People using at least basic sanitation services, rural (% of rural population)",SH.STA.BASS.RU.ZS,90.09662553,90.374681,90.65273647,90.93079194,91.20884741,91.48690288,91.76495835,92.04301382,92.32106929,92.59912476,92.87718023,93.1552357,93.43329117,93.71134664,93.98940211,94.26745758
Caribbean small states,CSS,"People using at least basic sanitation services, rural (% of rural population)",SH.STA.BASS.RU.ZS,,,,,,,,,,,,,,,,
Cuba,CUB,"People using at least basic sanitation services, rural (% of rural population)",SH.STA.BASS.RU.ZS,79.83338067,80.38556117,80.93774168,81.48992218,82.04210269,82.59428319,83.1464637,83.6986442,84.25082471,84.80300521,85.35518572,85.90736622,86.45954673,87.01172723,87.56390774,88.11608824
Curacao,CUW,"People using at least basic sanitation services, rural (% of rural population)",SH.STA.BASS.RU.ZS,,,,,,,,,,,,,,,,
Cayman Islands,CYM,"People using at least basic sanitation services, rural (% of rural population)",SH.STA.BASS.RU.ZS,,,,,,,,,,,,,,,,
Cyprus,CYP,"People using at least basic sanitation services, rural (% of rural population)",SH.STA.BASS.RU.ZS,100,100,100,100,99.8961039,99.77662338,99.65714286,99.53766234,99.41818182,99.2987013,99.17922078,99.05974026,98.94025974,98.82077922,98.7012987,98.58181818
Czech Republic,CZE,"People using at least basic sanitation services, rural (% of rural population)",SH.STA.BASS.RU.ZS,99.28326043,99.28129531,99.27933018,99.27736506,99.27539993,99.27343481,99.27146969,99.26950456,99.26753944,99.26557432,99.26360919,99.26164407,99.25967895,99.25771382,99.2557487,99.25378358
Germany,DEU,"People using at least basic sanitation services, rural (% of rural population)",SH.STA.BASS.RU.ZS,98.99193548,98.99193548,98.99193548,98.99193548,98.99193548,98.99193548,98.99193548,98.99193548,98.99193548,98.99193548,98.99193548,98.99193548,98.99193548,98.99193548,98.99193548,98.99193548
Djibouti,DJI,"People using at least basic sanitation services, rural (% of rural population)",SH.STA.BASS.RU.ZS,12.99627158,12.99627158,12.99627158,12.99627158,12.99627158,12.99627158,12.99627158,12.99627158,12.99627158,12.99627158,12.99627158,12.99627158,12.99627158,12.99627158,12.99627158,12.99627158
Dominica,DMA,"People using at least basic sanitation services, rural (% of rural population)",SH.STA.BASS.RU.ZS,,,,,,,,,,,,,,,,
Denmark,DNK,"People using at least basic sanitation services, rural (% of rural population)",SH.STA.BASS.RU.ZS,99.59758551,99.59758551,99.59758551,99.59758551,99.59758551,99.59758551,99.59758551,99.59758551,99.59758551,99.59758551,99.59758551,99.59758551,99.59758551,99.59758551,99.59758551,99.59758551
Dominican Republic,DOM,"People using at least basic sanitation services, rural (% of rural population)",SH.STA.BASS.RU.ZS,70.10647453,70.34023596,70.57399738,70.8077588,71.04152023,71.27528165,71.50904307,71.7428045,71.97656592,72.21032734,72.44408877,72.67785019,72.91161161,73.14537303,73.37913446,73.61289588
Algeria,DZA,"People using at least basic sanitation services, rural (% of rural population)",SH.STA.BASS.RU.ZS,72.32191532,72.98107015,73.64022497,74.2993798,74.95853463,75.61768946,76.27684429,76.93599912,77.59515394,78.25430877,78.9134636,79.57261843,80.23177326,80.89092809,81.55008291,82.20923774
East Asia & Pacific (excluding high income),EAP,"People using at least basic sanitation services, rural (% of rural population)",SH.STA.BASS.RU.ZS,50.62307672,50.96042675,51.89857599,52.70981659,53.52294548,54.33840533,55.15540763,55.97574325,56.79989246,57.62915301,58.4623779,59.30848388,60.16180435,61.01997077,61.88151466,62.74631476
Early-demographic dividend,EAR,"People using at least basic sanitation services, rural (% of rural population)",SH.STA.BASS.RU.ZS,23.91012738,25.21983708,26.55357169,27.90088152,29.24850494,30.5953979,31.94490101,33.28279533,34.62276113,35.96520667,37.3141429,38.67312918,40.03101768,41.3901618,42.74603119,44.09011036
East Asia & Pacific,EAS,"People using at least basic sanitation services, rural (% of rural population)",SH.STA.BASS.RU.ZS,50.64646771,50.98384549,51.92186616,52.73331725,53.54655061,54.36203572,55.17908155,56.00337565,56.82765908,57.65709221,58.4905219,59.33669765,60.18979825,61.04779191,61.9093347,62.77422047
Europe & Central Asia (excluding high income),ECA,"People using at least basic sanitation services, rural (% of rural population)",SH.STA.BASS.RU.ZS,74.54399664,75.32692643,76.34966962,77.38672378,78.42783186,79.47222039,79.64725627,80.44566041,81.19470914,81.95161121,82.72269654,83.49912398,84.26419648,85.03074046,85.79725695,86.51812389
Europe & Central Asia,ECS,"People using at least basic sanitation services, rural (% of rural population)",SH.STA.BASS.RU.ZS,83.90719876,84.43865275,85.09625076,85.76203485,86.43068998,87.10376043,87.85508279,88.37367561,88.8635017,89.34507608,89.82968131,90.30248109,90.78489736,91.27251321,91.76398813,92.23121687
Ecuador,ECU,"People using at least basic sanitation services, rural (% of rural population)",SH.STA.BASS.RU.ZS,53.20624779,55.01515971,56.82407163,58.63298355,60.44189548,62.2508074,64.05971932,65.86863124,67.67754317,69.48645509,71.29536701,73.10427893,74.91319086,76.72210278,78.5310147,80.33992662
"Egypt, Arab Rep.",EGY,"People using at least basic sanitation services, rural (% of rural population)",SH.STA.BASS.RU.ZS,89.26609225,89.31721636,89.36834048,89.41946459,89.47058871,89.52171282,89.57283693,89.62396105,89.67508516,89.72620927,89.77733339,89.8284575,89.87958161,89.93070573,89.98182984,90.03295395
Euro area,EMU,"People using at least basic sanitation services, rural (% of rural population)",SH.STA.BASS.RU.ZS,97.7038084,97.76297351,97.8319029,97.90116434,97.97210265,98.04493885,98.35738774,98.41178024,98.46635778,98.52060749,98.57650699,98.63063984,98.68341892,98.73470718,98.78453137,98.83289997
Eritrea,ERI,"People using at least basic sanitation services, rural (% of rural population)",SH.STA.BASS.RU.ZS,1.528571429,1.910714286,2.292857143,2.675,3.057142857,3.439285714,3.821428571,4.203571429,4.585714286,4.967857143,5.35,5.732142857,6.114285714,6.114285714,6.114285714,6.114285714
Spain,ESP,"People using at least basic sanitation services, rural (% of rural population)",SH.STA.BASS.RU.ZS,99.98705281,99.98798978,99.98892675,99.98986371,99.99080068,99.99173765,99.99267462,99.99361158,99.99454855,99.99548552,99.99642249,99.99735945,99.99829642,99.99923339,100,100
Estonia,EST,"People using at least basic sanitation services, rural (% of rural population)",SH.STA.BASS.RU.ZS,98.53442168,98.6080758,98.68172991,98.75538403,98.82903815,98.90269227,98.97634639,99.05000051,99.12365462,99.19730874,99.27096286,99.34461698,99.4182711,99.49192521,99.56557933,99.63923345
Ethiopia,ETH,"People using at least basic sanitation services, rural (% of rural population)",SH.STA.BASS.RU.ZS,1.028267441,1.248260661,1.468253881,1.688247101,1.908240321,2.128233541,2.348226761,2.568219981,2.788213201,3.008206422,3.228199642,3.448192862,3.668186082,3.888179302,4.108172522,4.328165742
European Union,EUU,"People using at least basic sanitation services, rural (% of rural population)",SH.STA.BASS.RU.ZS,94.73146151,94.96970117,95.20922799,95.43991406,95.67402875,95.91225445,94.5104435,94.73017219,94.95466788,95.16067823,95.3655402,95.55859131,95.75717006,95.95670112,96.1586462,96.36404944
Fragile and conflict affected situations,FCS,"People using at least basic sanitation services, rural (% of rural population)",SH.STA.BASS.RU.ZS,28.84567266,28.83496887,28.8563855,28.97701998,29.10476344,29.34391858,29.60729931,29.84097554,30.12211653,30.38832571,30.63000877,30.06348056,30.31316033,30.55316044,30.70925331,30.77431928
Finland,FIN,"People using at least basic sanitation services, rural (% of rural population)",SH.STA.BASS.RU.ZS,99.45377281,99.45371031,99.45364781,99.45358531,99.45352281,99.45346032,99.45339782,99.45333532,99.45327282,99.45321032,99.45314782,99.45308532,99.45302282,99.45296032,99.45289782,99.45283532
Fiji,FJI,"People using at least basic sanitation services, rural (% of rural population)",SH.STA.BASS.RU.ZS,70.71690969,70.71690969,70.71690969,72.5992379,74.48156611,76.36389431,78.24622252,80.12855073,82.01087893,83.89320714,85.77553535,87.65786355,89.54019176,91.42251997,93.30484817,95.18717638
France,FRA,"People using at least basic sanitation services, rural (% of rural population)",SH.STA.BASS.RU.ZS,98.89224572,98.89224572,98.89224572,98.89224572,98.89224572,98.89224572,98.89224572,98.89224572,98.89224572,98.89224572,98.89224572,98.89224572,98.89224572,98.89224572,98.89224572,98.89224572
Faroe Islands,FRO,"People using at least basic sanitation services, rural (% of rural population)",SH.STA.BASS.RU.ZS,,,,,,,,,,,,,,,,
"Micronesia, Fed. Sts.",FSM,"People using at least basic sanitation services, rural (% of rural population)",SH.STA.BASS.RU.ZS,,,,,,,48.5,48.5,48.5,48.5,48.5,48.5,48.5,48.5,48.5,
Gabon,GAB,"People using at least basic sanitation services, rural (% of rural population)",SH.STA.BASS.RU.ZS,34.56237078,34.41505839,34.26774601,34.12043362,33.97312124,33.82580885,33.67849646,33.53118408,33.38387169,33.2365593,33.08924692,32.94193453,32.79462215,32.64730976,32.49999737,32.35268499
United Kingdom,GBR,"People using at least basic sanitation services, rural (% of rural population)",SH.STA.BASS.RU.ZS,99.47477432,99.47477432,99.47477432,99.47477432,99.47477432,99.47477432,99.47477432,99.47477432,99.47477432,99.47477432,99.47477432,99.47477432,99.47477432,99.47477432,99.47477432,99.47477432
Georgia,GEO,"People using at least basic sanitation services, rural (% of rural population)",SH.STA.BASS.RU.ZS,96.72668471,96.06290456,94.41361899,92.76433343,91.11504787,89.4657623,87.81647674,86.16719118,84.51790561,82.86862005,81.21933449,79.57004892,77.92076336,76.2714778,74.62219223,72.97290667
Ghana,GHA,"People using at least basic sanitation services, rural (% of rural population)",SH.STA.BASS.RU.ZS,6.216525147,6.402405229,6.58828531,6.774165392,6.960045474,7.145925556,7.331805637,7.517685719,7.703565801,7.889445883,8.075325964,8.261206046,8.447086128,8.632966209,8.818846291,9.004726373
Gibraltar,GIB,"People using at least basic sanitation services, rural (% of rural population)",SH.STA.BASS.RU.ZS,,,,,,,,,,,,,,,,
Guinea,GIN,"People using at least basic sanitation services, rural (% of rural population)",SH.STA.BASS.RU.ZS,3.190676692,3.955832655,4.720988618,5.486144582,6.251300545,7.016456508,7.781612471,8.546768435,9.311924398,10.07708036,10.84223632,11.60739229,12.37254825,13.13770421,13.90286018,14.66801614
"Gambia, The",GMB,"People using at least basic sanitation services, rural (% of rural population)",SH.STA.BASS.RU.ZS,58.72061278,57.16272088,55.60482899,54.0469371,52.4890452,50.93115331,49.37326142,47.81536953,46.25747763,44.69958574,43.14169385,41.58380196,40.02591006,38.46801817,36.91012628,35.35223439
Guinea-Bissau,GNB,"People using at least basic sanitation services, rural (% of rural population)",SH.STA.BASS.RU.ZS,4.034217106,4.326800649,4.619384192,4.911967735,5.204551279,5.497134822,5.789718365,6.082301908,6.374885451,6.667468995,6.960052538,7.252636081,7.545219624,7.837803168,8.130386711,8.422970254
Equatorial Guinea,GNQ,"People using at least basic sanitation services, rural (% of rural population)",SH.STA.BASS.RU.ZS,79.85678986,79.17358022,78.49037057,77.80716093,77.12395129,76.44074164,75.757532,75.07432236,74.39111271,73.70790307,73.02469342,72.34148378,71.65827414,70.97506449,70.97506449,70.97506449
Greece,GRC,"People using at least basic sanitation services, rural (% of rural population)",SH.STA.BASS.RU.ZS,92.44386219,92.82040558,93.19694898,93.57349238,93.95003577,94.32657917,94.70312256,95.07966596,95.45620935,95.83275275,96.20929614,96.58583954,96.96238293,97.33892633,97.71546972,98.09201312
Grenada,GRD,"People using at least basic sanitation services, rural (% of rural population)",SH.STA.BASS.RU.ZS,,,,,,,,,,,,,,,,
Greenland,GRL,"People using at least basic sanitation services, rural (% of rural population)",SH.STA.BASS.RU.ZS,99.59758551,99.59758551,99.59758551,99.59758551,99.59758551,99.59758551,99.59542816,99.59201236,99.58859656,99.58518076,99.58176496,99.57834916,99.57493335,99.57151755,99.56810175,99.56468595
Guatemala,GTM,"People using at least basic sanitation services, rural (% of rural population)",SH.STA.BASS.RU.ZS,43.10238131,43.77126702,44.44015273,45.10903844,45.77792415,46.44680986,47.11569557,47.78458127,48.45346698,49.12235269,49.7912384,50.46012411,51.12900982,51.79789553,52.46678123,53.13566694
Guam,GUM,"People using at least basic sanitation services, rural (% of rural population)",SH.STA.BASS.RU.ZS,,,,,,,,,,,,,,,,
Guyana,GUY,"People using at least basic sanitation services, rural (% of rural population)",SH.STA.BASS.RU.ZS,75.30544931,75.94919677,76.59294423,77.23669169,77.88043914,78.5241866,79.16793406,79.81168152,80.45542898,81.09917643,81.74292389,82.38667135,83.03041881,83.67416627,84.31791372,84.96166118
High income,HIC,"People using at least basic sanitation services, rural (% of rural population)",SH.STA.BASS.RU.ZS,96.03892228,96.2097904,96.38600951,96.55389456,96.72578131,96.90207168,97.2851801,97.44762426,97.61078101,97.77346582,97.93960599,98.1034981,98.26941353,98.4419506,98.61626254,98.77383863
"Hong Kong SAR, China",HKG,"People using at least basic sanitation services, rural (% of rural population)",SH.STA.BASS.RU.ZS,,,,,,,,,,,,,,,,
Honduras,HND,"People using at least basic sanitation services, rural (% of rural population)",SH.STA.BASS.RU.ZS,49.74821352,51.43663606,53.1250586,54.81348114,56.50190368,58.19032622,59.87874876,61.5671713,63.25559384,64.94401638,66.63243892,68.32086146,70.009284,71.69770654,73.38612908,75.07455162
Heavily indebted poor countries (HIPC),HPC,"People using at least basic sanitation services, rural (% of rural population)",SH.STA.BASS.RU.ZS,11.85212305,12.13193321,12.46315703,12.7996707,13.136335,13.53327344,13.93084919,14.32256863,14.72581955,15.12922385,15.53344654,15.93871102,16.34209558,16.74244455,17.14221699,17.51911505
Croatia,HRV,"People using at least basic sanitation services, rural (% of rural population)",SH.STA.BASS.RU.ZS,96.02942595,96.02942595,96.04597113,96.0625163,96.07906148,96.09560666,96.11215184,96.12869701,96.14524219,96.16178737,96.17833254,96.19487772,96.2114229,96.22796808,96.24451325,96.26105843
Haiti,HTI,"People using at least basic sanitation services, rural (% of rural population)",SH.STA.BASS.RU.ZS,10.20337784,11.03259624,11.86181464,12.69103304,13.52025144,14.34946984,15.17868824,16.00790664,16.83712504,17.66634344,18.49556184,19.32478024,20.15399865,20.98321705,21.81243545,21.81243545
Hungary,HUN,"People using at least basic sanitation services, rural (% of rural population)",SH.STA.BASS.RU.ZS,98.56985699,98.56985699,98.56985699,98.56985699,98.56985699,98.56985699,98.56985699,98.56985699,98.56985699,98.56985699,98.56985699,98.56985699,98.56985699,98.56985699,98.56985699,98.56985699
IBRD only,IBD,"People using at least basic sanitation services, rural (% of rural population)",SH.STA.BASS.RU.ZS,39.35490004,40.04089375,40.99063605,41.94844933,42.9133392,43.88294297,44.96909234,45.95308867,46.94915657,47.96185323,48.98533792,50.03249994,51.1008351,52.18373143,53.26063506,54.33750243
IDA & IBRD total,IBT,"People using at least basic sanitation services, rural (% of rural population)",SH.STA.BASS.RU.ZS,34.99568625,35.60163428,36.39980007,37.20802499,38.01732939,38.83476206,39.7522001,40.56286124,41.38275304,42.20905016,43.03815756,43.77576145,44.62304965,45.47412833,46.31574438,47.14459698
IDA total,IDA,"People using at least basic sanitation services, rural (% of rural population)",SH.STA.BASS.RU.ZS,22.23350316,22.83030572,23.44586786,24.08143324,24.71564025,25.37762803,26.04311116,26.6682246,27.297416,27.91947605,28.54321238,28.95094694,29.56410919,30.17173409,30.77800523,31.35206499
IDA blend,IDB,"People using at least basic sanitation services, rural (% of rural population)",SH.STA.BASS.RU.ZS,28.39496076,29.14820928,29.88818171,30.63800003,31.39119026,32.14582845,32.90322991,33.57015909,34.22127997,34.88011726,35.58128749,36.3021112,37.00890578,37.72425016,38.44694551,39.1756038
Indonesia,IDN,"People using at least basic sanitation services, rural (% of rural population)",SH.STA.BASS.RU.ZS,28.25863418,30.17451434,32.0903945,34.00627466,35.92215482,37.83803499,39.75391515,41.66979531,43.58567547,45.50155563,47.41743579,49.33331596,51.24919612,53.16507628,55.08095644,56.9968366
IDA only,IDX,"People using at least basic sanitation services, rural (% of rural population)",SH.STA.BASS.RU.ZS,19.46030982,19.9986575,20.56220768,21.15761081,21.74906155,22.3784684,23.010757,23.62486364,24.24713296,24.85474407,25.44386988,25.75589947,26.32951471,26.89111583,27.44744903,27.95333906
Isle of Man,IMN,"People using at least basic sanitation services, rural (% of rural population)",SH.STA.BASS.RU.ZS,,,,,,,,,,,,,,,,
India,IND,"People using at least basic sanitation services, rural (% of rural population)",SH.STA.BASS.RU.ZS,10.53551605,12.08674939,13.63798274,15.18921608,16.74044943,18.29168277,19.84291612,21.39414947,22.94538281,24.49661616,26.0478495,27.59908285,29.15031619,30.70154954,32.25278288,33.80401623
Not classified,INX,"People using at least basic sanitation services, rural (% of rural population)",SH.STA.BASS.RU.ZS,,,,,,,,,,,,,,,,
Ireland,IRL,"People using at least basic sanitation services, rural (% of rural population)",SH.STA.BASS.RU.ZS,90.95364684,91.20925598,91.46486512,91.72047427,91.97608341,92.23169256,92.4873017,92.74291084,92.99851999,93.25412913,93.50973828,93.76534742,94.02095656,94.27656571,94.53217485,94.78778399
"Iran, Islamic Rep.",IRN,"People using at least basic sanitation services, rural (% of rural population)",SH.STA.BASS.RU.ZS,78.98886416,78.98886416,78.98886416,78.98886416,78.98886416,78.96583777,78.94281137,78.91978497,78.89675857,78.87373217,78.85070578,78.82767938,78.80465298,78.78162658,78.78162658,78.78162658
Iraq,IRQ,"People using at least basic sanitation services, rural (% of rural population)",SH.STA.BASS.RU.ZS,54.60490944,57.00567012,59.4064308,61.80719148,64.20795216,66.60871284,69.00947352,71.4102342,73.81099488,76.21175556,78.61251624,81.01327692,83.4140376,85.81479828,85.81479828,85.81479828
Iceland,ISL,"People using at least basic sanitation services, rural (% of rural population)",SH.STA.BASS.RU.ZS,100,100,100,100,100,100,100,100,100,100,100,100,100,100,100,100
Israel,ISR,"People using at least basic sanitation services, rural (% of rural population)",SH.STA.BASS.RU.ZS,100,100,100,100,100,100,100,100,100,100,100,100,100,100,100,100
Italy,ITA,"People using at least basic sanitation services, rural (% of rural population)",SH.STA.BASS.RU.ZS,,,,,,,99.21268844,99.21268844,99.21268844,99.21268844,99.21268844,99.21268844,99.21268844,99.21268844,99.21268844,99.21268844
Jamaica,JAM,"People using at least basic sanitation services, rural (% of rural population)",SH.STA.BASS.RU.ZS,83.96917454,84.21946913,84.46976372,84.72005831,84.9703529,85.22064749,85.47094208,85.72123666,85.97153125,86.22182584,86.47212043,86.72241502,86.97270961,87.2230042,87.47329878,87.47329878
Jordan,JOR,"People using at least basic sanitation services, rural (% of rural population)",SH.STA.BASS.RU.ZS,97.84303319,97.90509021,97.96744759,97.840491,97.66583412,97.49117724,97.31652036,97.14186347,96.96720659,96.79254971,96.61789283,96.44323595,96.26857907,96.09392219,95.91926531,95.74460843
Japan,JPN,"People using at least basic sanitation services, rural (% of rural population)",SH.STA.BASS.RU.ZS,,,,,,,,,,,,,,,,
Kazakhstan,KAZ,"People using at least basic sanitation services, rural (% of rural population)",SH.STA.BASS.RU.ZS,97.1578999,97.1578999,97.27325038,97.38860086,97.50395133,97.61930181,97.73465229,97.85000276,97.96535324,98.08070372,98.19605419,98.31140467,98.42675515,98.54210562,98.6574561,98.77280658
Kenya,KEN,"People using at least basic sanitation services, rural (% of rural population)",SH.STA.BASS.RU.ZS,30.31025429,30.15351642,29.99677854,29.84004066,29.68330278,29.5265649,29.36982702,29.21308914,29.05635126,28.89961339,28.74287551,28.58613763,28.42939975,28.27266187,28.11592399,27.95918611
Kyrgyz Republic,KGZ,"People using at least basic sanitation services, rural (% of rural population)",SH.STA.BASS.RU.ZS,91.74901771,91.74901771,92.2403632,92.73170868,93.22305417,93.71439965,94.20574514,94.69709062,95.1884361,95.67978159,96.17112707,96.66247256,97.15381804,97.64516353,98.13650901,98.62323381
Cambodia,KHM,"People using at least basic sanitation services, rural (% of rural population)",SH.STA.BASS.RU.ZS,3.896184621,6.208321438,8.520458254,10.83259507,13.14473189,15.4568687,17.76900552,20.08114234,22.39327915,24.70541597,27.01755279,29.3296896,31.64182642,33.95396324,36.26610005,38.57823687
Kiribati,KIR,"People using at least basic sanitation services, rural (% of rural population)",SH.STA.BASS.RU.ZS,20.5951585,21.55042373,22.50568895,23.46095418,24.4162194,25.37148463,26.32674986,27.28201508,28.23728031,29.19254553,30.14781076,31.10307598,32.05834121,32.05834121,32.05834121,32.05834121
St. Kitts and Nevis,KNA,"People using at least basic sanitation services, rural (% of rural population)",SH.STA.BASS.RU.ZS,,,,,,,,,,,,,,,,
"Korea, Rep.",KOR,"People using at least basic sanitation services, rural (% of rural population)",SH.STA.BASS.RU.ZS,,,,,,,,,,,,,,,,
Kuwait,KWT,"People using at least basic sanitation services, rural (% of rural population)",SH.STA.BASS.RU.ZS,,,,,,,,,,,,,,,,
Latin America & Caribbean (excluding high income),LAC,"People using at least basic sanitation services, rural (% of rural population)",SH.STA.BASS.RU.ZS,44.59175736,46.04105509,47.49300519,48.96826709,50.42798039,51.88911895,53.35474349,54.8242968,56.29006722,57.75723883,59.22694673,60.70099937,62.17839245,63.65726187,65.08967985,66.48467501
Lao PDR,LAO,"People using at least basic sanitation services, rural (% of rural population)",SH.STA.BASS.RU.ZS,16.93970635,19.78903931,22.63837228,25.48770524,28.33703821,31.18637117,34.03570413,36.8850371,39.73437006,42.58370303,45.43303599,48.28236895,51.13170192,53.98103488,56.83036785,59.67970081
Lebanon,LBN,"People using at least basic sanitation services, rural (% of rural population)",SH.STA.BASS.RU.ZS,,,,,,,,,,,,,,,,
Liberia,LBR,"People using at least basic sanitation services, rural (% of rural population)",SH.STA.BASS.RU.ZS,3.833184267,3.971215907,4.109247548,4.247279188,4.385310829,4.523342469,4.66137411,4.79940575,4.937437391,5.075469031,5.213500672,5.351532312,5.489563953,5.627595593,5.765627234,5.903658874
Libya,LBY,"People using at least basic sanitation services, rural (% of rural population)",SH.STA.BASS.RU.ZS,,,,,,,,,,,,,,,,
St. Lucia,LCA,"People using at least basic sanitation services, rural (% of rural population)",SH.STA.BASS.RU.ZS,80.00387456,80.00387456,80.00387456,80.00387456,81.2196754,82.43547624,83.65127708,84.86707792,86.08287876,87.2986796,88.51448044,89.73028128,90.94608212,91.95761589,91.95761589,91.95761589
Latin America & Caribbean,LCN,"People using at least basic sanitation services, rural (% of rural population)",SH.STA.BASS.RU.ZS,46.70233744,48.08832787,49.47759364,50.8953543,52.29863044,53.70565438,55.11756639,56.53409702,57.94768367,59.36344561,60.7828099,62.20891141,63.64017152,65.08127254,66.47901381,67.82449899
Least developed countries: UN classification,LDC,"People using at least basic sanitation services, rural (% of rural population)",SH.STA.BASS.RU.ZS,17.05882257,17.63314442,18.24586027,18.87745815,19.49914572,20.15481715,20.8010393,21.42864172,22.06455348,22.69448089,23.32039901,23.66711637,24.27685044,24.88004751,25.4777066,26.05270791
Low income,LIC,"People using at least basic sanitation services, rural (% of rural population)",SH.STA.BASS.RU.ZS,15.39363481,15.73409738,17.51805377,17.92792277,18.34274811,18.76814005,19.20400246,19.63400246,20.07971067,20.50639552,20.91007574,21.00455205,21.4048011,21.79106813,22.17617501,22.49562081
Liechtenstein,LIE,"People using at least basic sanitation services, rural (% of rural population)",SH.STA.BASS.RU.ZS,,,,,,,,,,,,,,,,
Sri Lanka,LKA,"People using at least basic sanitation services, rural (% of rural population)",SH.STA.BASS.RU.ZS,84.55361018,85.32671292,86.09981566,86.8729184,87.64602115,88.41912389,89.19222663,89.96532937,90.73843211,91.51153485,92.2846376,93.05774034,93.83084308,94.60394582,95.24260536,95.2650426
Lower middle income,LMC,"People using at least basic sanitation services, rural (% of rural population)",SH.STA.BASS.RU.ZS,23.73001429,25.00464732,26.28636533,27.5687559,28.85080709,30.14128641,31.43080593,32.70507694,33.9774898,35.25386384,36.54050313,37.8308743,39.12305689,40.41835091,41.71068779,42.99330693
Low & middle income,LMY,"People using at least basic sanitation services, rural (% of rural population)",SH.STA.BASS.RU.ZS,34.69540456,35.3001808,36.1992143,37.0039113,37.80961247,38.62314189,39.53769083,40.34422733,41.15974257,41.981361,42.80653281,43.54071314,44.38337,45.22968342,46.06653234,46.89126033
Lesotho,LSO,"People using at least basic sanitation services, rural (% of rural population)",SH.STA.BASS.RU.ZS,4.469614551,7.042197921,9.614781291,12.18736466,14.75994803,17.3325314,19.90511477,22.47769814,25.05028151,27.62286488,30.19544825,32.76803162,35.34061499,37.91319836,40.48578174,43.05836511
Late-demographic dividend,LTE,"People using at least basic sanitation services, rural (% of rural population)",SH.STA.BASS.RU.ZS,54.78374615,55.0966123,56.02827841,56.85303087,57.68508506,58.51917737,59.44869751,60.28888221,61.13204595,61.98529827,62.83988013,63.70874554,64.58366746,65.46552017,66.3494825,67.22048034
Lithuania,LTU,"People using at least basic sanitation services, rural (% of rural population)",SH.STA.BASS.RU.ZS,68.36299781,69.54128131,70.71956481,71.89784831,73.07613181,74.25441531,75.43269881,76.6109823,77.7892658,78.9675493,80.1458328,81.3241163,82.5023998,83.6806833,84.85896679,86.03725029
Luxembourg,LUX,"People using at least basic sanitation services, rural (% of rural population)",SH.STA.BASS.RU.ZS,98.83908744,98.8338217,98.82855596,98.82329021,98.81802447,98.81275872,98.80749298,98.80222724,98.79696149,98.79169575,98.78643,98.78116426,98.77589852,98.77063277,98.76536703,98.76010128
Latvia,LVA,"People using at least basic sanitation services, rural (% of rural population)",SH.STA.BASS.RU.ZS,72.43476443,72.43476443,73.24908567,74.0634069,74.87772813,75.69204936,76.50637059,77.32069182,78.13501305,78.94933428,79.76365551,80.57797674,81.39229797,82.2066192,83.02094043,83.83526166
"Macao SAR, China",MAC,"People using at least basic sanitation services, rural (% of rural population)",SH.STA.BASS.RU.ZS,,,,,,,,,,,,,,,,
St. Martin (French part),MAF,"People using at least basic sanitation services, rural (% of rural population)",SH.STA.BASS.RU.ZS,,,,,,,,,,,,,,,,
Morocco,MAR,"People using at least basic sanitation services, rural (% of rural population)",SH.STA.BASS.RU.ZS,47.31226998,49.30808605,51.32840838,53.37369113,55.44171289,57.18058071,58.91944852,60.65831634,62.39718416,64.13605198,65.8749198,67.61378762,69.35265543,71.09152325,72.83039107,74.56925889
Monaco,MCO,"People using at least basic sanitation services, rural (% of rural population)",SH.STA.BASS.RU.ZS,,,,,,,,,,,,,,,,
Moldova,MDA,"People using at least basic sanitation services, rural (% of rural population)",SH.STA.BASS.RU.ZS,60.0646708,60.72497916,61.38528752,62.04559589,62.70590425,63.36621261,64.02652097,64.68682934,65.3471377,66.00744606,66.66775443,67.32806279,67.98837115,68.64867951,69.30898788,69.96929624
Madagascar,MDG,"People using at least basic sanitation services, rural (% of rural population)",SH.STA.BASS.RU.ZS,2.560655991,2.801921353,3.043186716,3.284452079,3.525717442,3.766982805,4.008248168,4.249513531,4.490778894,4.732044257,4.97330962,5.214574983,5.455840346,5.697105709,5.938371072,6.179636435
Maldives,MDV,"People using at least basic sanitation services, rural (% of rural population)",SH.STA.BASS.RU.ZS,71.46425668,74.0038682,76.54347971,79.08309122,81.62270274,84.16231425,86.70192577,89.24153728,91.78114879,94.32076031,96.86037182,98.31401475,98.31401475,98.31401475,98.31401475,98.31401475
Middle East & North Africa,MEA,"People using at least basic sanitation services, rural (% of rural population)",SH.STA.BASS.RU.ZS,71.64759213,72.11174878,72.58623002,73.21155822,73.84943739,74.45741297,75.07657494,75.70887858,76.34499977,76.97543741,77.59680562,78.23190503,78.86144062,79.49398753,79.95777254,80.40015791
Mexico,MEX,"People using at least basic sanitation services, rural (% of rural population)",SH.STA.BASS.RU.ZS,50.4253157,52.44618154,54.46704737,56.48791321,58.50877904,60.52964488,62.55051071,64.57137655,66.59224238,68.61310822,70.63397405,72.65483988,74.67570572,76.69657155,78.71743739,80.73830322
Marshall Islands,MHL,"People using at least basic sanitation services, rural (% of rural population)",SH.STA.BASS.RU.ZS,,65.90402252,65.90402252,65.90402252,65.90402252,65.90402252,65.90402252,65.90402252,65.90402252,65.90402252,65.90402252,65.90402252,65.90402252,65.90402252,65.90402252,65.90402252
Middle income,MIC,"People using at least basic sanitation services, rural (% of rural population)",SH.STA.BASS.RU.ZS,37.07380461,37.75990475,38.66484242,39.5774167,40.49528269,41.42425873,42.45977184,43.39075092,44.32859603,45.27957043,46.24169768,47.22397845,48.21985695,49.22638556,50.22673948,51.22685571
"Macedonia, FYR",MKD,"People using at least basic sanitation services, rural (% of rural population)",SH.STA.BASS.RU.ZS,84.95931507,84.95931507,84.95931507,84.95931507,84.95931507,84.69369863,84.42808219,84.16246575,83.89684932,83.63123288,83.36561644,83.1,82.83438356,82.56876712,82.56876712,82.56876712
Mali,MLI,"People using at least basic sanitation services, rural (% of rural population)",SH.STA.BASS.RU.ZS,12.04869742,12.67886056,13.3090237,13.93918683,14.56934997,15.19951311,15.82967624,16.45983938,17.09000252,17.72016565,18.35032879,18.98049193,19.61065507,20.2408182,20.87098134,21.50114448
Malta,MLT,"People using at least basic sanitation services, rural (% of rural population)",SH.STA.BASS.RU.ZS,100,100,100,100,100,100,100,100,100,100,100,100,100,100,100,100
Myanmar,MMR,"People using at least basic sanitation services, rural (% of rural population)",SH.STA.BASS.RU.ZS,64.96994959,64.54869812,64.12744665,63.70619518,63.28494371,62.86369224,62.44244077,62.02118931,61.59993784,61.17868637,60.7574349,60.33618343,59.91493196,59.49368049,59.07242902,58.65117756
Middle East & North Africa (excluding high income),MNA,"People using at least basic sanitation services, rural (% of rural population)",SH.STA.BASS.RU.ZS,71.34815006,71.81550481,72.28427166,72.90450364,73.53432703,74.12980152,74.73245989,75.34622493,75.96464105,76.58048569,77.19297781,77.82721134,78.46138615,79.10121256,79.56987449,80.02471368
Montenegro,MNE,"People using at least basic sanitation services, rural (% of rural population)",SH.STA.BASS.RU.ZS,,,,,,,88.60602719,89.00680836,89.40758953,89.80837069,90.20915186,90.60993303,91.01071419,91.41149536,91.81227653,92.21305769
Mongolia,MNG,"People using at least basic sanitation services, rural (% of rural population)",SH.STA.BASS.RU.ZS,26.26731517,27.3017466,28.33617804,29.37060948,30.40504091,31.43947235,32.47390379,33.50833522,34.54276666,35.5771981,36.61162953,37.64606097,38.68049241,39.71492384,40.42724667,40.74400403
Northern Mariana Islands,MNP,"People using at least basic sanitation services, rural (% of rural population)",SH.STA.BASS.RU.ZS,,,,,,,,,,,,,,,,
Mozambique,MOZ,"People using at least basic sanitation services, rural (% of rural population)",SH.STA.BASS.RU.ZS,2.978663438,3.603318654,4.227973869,4.852629084,5.4772843,6.101939515,6.726594731,7.351249946,7.975905161,8.600560377,9.225215592,9.849870808,10.47452602,11.09918124,11.72383645,12.34849167
Mauritania,MRT,"People using at least basic sanitation services, rural (% of rural population)",SH.STA.BASS.RU.ZS,7.226861178,7.888341093,8.549821009,9.211300924,9.872780839,10.53426075,11.19574067,11.85722059,12.5187005,13.18018042,13.84166033,14.50314025,15.16462016,15.82610008,16.48757999,17.14905991
Mauritius,MUS,"People using at least basic sanitation services, rural (% of rural population)",SH.STA.BASS.RU.ZS,89.84575239,90.06030811,90.27486384,90.48941956,90.70397528,90.91853101,91.13308673,91.34764246,91.56219818,91.77675391,91.99130963,92.20586536,92.42042108,92.63497681,92.63497681,92.63497681
Malawi,MWI,"People using at least basic sanitation services, rural (% of rural population)",SH.STA.BASS.RU.ZS,32.57111594,33.23720274,33.90328954,34.56937633,35.23546313,35.90154993,36.56763672,37.23372352,37.89981031,38.56589711,39.23198391,39.8980707,40.5641575,41.2302443,41.89633109,42.56241789
Malaysia,MYS,"People using at least basic sanitation services, rural (% of rural population)",SH.STA.BASS.RU.ZS,94.38300892,94.70856099,95.03411305,95.35966512,95.68521718,96.01076925,96.33632131,96.66187338,96.98742544,97.31297751,97.63852957,97.96408164,98.2896337,98.61518577,98.8356027,98.8356027
North America,NAC,"People using at least basic sanitation services, rural (% of rural population)",SH.STA.BASS.RU.ZS,99.88250773,99.88250773,99.88250773,99.88250773,99.88250773,99.88250773,99.88250773,99.88250773,99.88250773,99.88250773,99.88250773,99.88250773,99.88250773,99.88250773,99.88250773,99.88250773
Namibia,NAM,"People using at least basic sanitation services, rural (% of rural population)",SH.STA.BASS.RU.ZS,14.23207915,14.31225163,14.39242411,14.47259658,14.55276906,14.63294154,14.71311402,14.7932865,14.87345898,14.95363146,15.03380394,15.11397642,15.19414889,15.27432137,15.35449385,15.43466633
New Caledonia,NCL,"People using at least basic sanitation services, rural (% of rural population)",SH.STA.BASS.RU.ZS,,,,,,,,,,,,,,,,
Niger,NER,"People using at least basic sanitation services, rural (% of rural population)",SH.STA.BASS.RU.ZS,2.18465852,2.430789911,2.676921301,2.923052692,3.169184083,3.415315474,3.661446865,3.907578256,4.153709647,4.399841038,4.645972429,4.89210382,5.138235211,5.384366602,5.630497993,5.876629384
Nigeria,NGA,"People using at least basic sanitation services, rural (% of rural population)",SH.STA.BASS.RU.ZS,34.97376527,34.44037452,33.90698378,33.37359303,32.84020229,32.30681155,31.7734208,31.24003006,30.70663931,30.17324857,29.63985782,29.10646708,28.57307633,28.03968559,27.50629484,26.9729041
Nicaragua,NIC,"People using at least basic sanitation services, rural (% of rural population)",SH.STA.BASS.RU.ZS,45.12737096,46.30621209,47.48505322,48.66389435,49.84273548,51.02157661,52.20041774,53.37925887,54.55810001,55.73694114,56.91578227,58.0946234,59.27346453,60.45230566,61.63114679,62.80998792
Netherlands,NLD,"People using at least basic sanitation services, rural (% of rural population)",SH.STA.BASS.RU.ZS,99.8998999,99.8991812,99.89839062,99.89760005,99.89680947,99.8960189,99.89522832,99.89443775,99.89364717,99.8928566,99.89206602,99.89127545,99.89048487,99.8896943,99.88890372,99.88811315
Norway,NOR,"People using at least basic sanitation services, rural (% of rural population)",SH.STA.BASS.RU.ZS,98.3,98.3,98.3,98.3,98.3,98.3,98.3,98.3,98.3,98.3,98.3,98.3,98.3,98.3,98.3,98.3
Nepal,NPL,"People using at least basic sanitation services, rural (% of rural population)",SH.STA.BASS.RU.ZS,15.71686893,17.64768117,19.5784934,21.50930564,23.44011787,25.37093011,27.30174234,29.23255458,31.16336681,33.09417905,35.02499128,36.95580352,38.88661575,40.81742799,42.74824022,44.67905245
Nauru,NRU,"People using at least basic sanitation services, rural (% of rural population)",SH.STA.BASS.RU.ZS,,,,,,,,,,,,,,,,
New Zealand,NZL,"People using at least basic sanitation services, rural (% of rural population)",SH.STA.BASS.RU.ZS,100,100,100,100,100,100,100,100,100,100,100,100,100,100,100,100
OECD members,OED,"People using at least basic sanitation services, rural (% of rural population)",SH.STA.BASS.RU.ZS,88.25927368,88.63486855,89.149858,89.66082777,90.17490645,90.68924362,91.84714379,92.32268366,92.79849234,93.27084005,93.74485795,94.21212824,94.69032532,95.17313555,95.66000942,96.13898562
Oman,OMN,"People using at least basic sanitation services, rural (% of rural population)",SH.STA.BASS.RU.ZS,76.1620325,76.1620325,77.92736305,79.69269361,81.45802416,83.22335472,84.98868527,86.75401583,88.51934638,90.28467694,92.05000749,93.81533805,95.5806686,97.34599916,99.11132971,99.29855462
Other small states,OSS,"People using at least basic sanitation services, rural (% of rural population)",SH.STA.BASS.RU.ZS,37.99308207,38.5406897,38.33866039,38.91606916,39.4907426,40.06527532,41.6686577,42.74393049,43.30807861,43.85471897,44.37994441,44.85747604,45.27471331,45.68500966,46.05087646,46.39948744
Pakistan,PAK,"People using at least basic sanitation services, rural (% of rural population)",SH.STA.BASS.RU.ZS,14.12301756,16.38501346,18.64700937,20.90900528,23.17100118,25.43299709,27.694993,29.95698891,32.21898481,34.48098072,36.74297663,39.00497253,41.26696844,43.52896435,45.79096025,48.05295616
Panama,PAN,"People using at least basic sanitation services, rural (% of rural population)",SH.STA.BASS.RU.ZS,44.8564382,45.81557606,46.77471392,47.73385178,48.69298963,49.65212749,50.61126535,51.57040321,52.52954106,53.48867892,54.44781678,55.40695464,56.3660925,57.32523035,58.28436821,59.24350607
Peru,PER,"People using at least basic sanitation services, rural (% of rural population)",SH.STA.BASS.RU.ZS,25.29970446,27.49628729,29.69287012,31.88945295,34.08603578,36.28261861,38.47920144,40.67578427,42.8723671,45.06894993,47.26553276,49.46211559,51.65869842,53.85528125,56.05186408,58.24844691
Philippines,PHL,"People using at least basic sanitation services, rural (% of rural population)",SH.STA.BASS.RU.ZS,59.14948092,59.99732036,60.84515979,61.69299922,62.54083866,63.38867809,64.23651752,65.08435696,65.93219639,66.78003582,67.62787526,68.47571469,69.32355413,70.17139356,71.01923299,71.86707243
Palau,PLW,"People using at least basic sanitation services, rural (% of rural population)",SH.STA.BASS.RU.ZS,67.02568124,70.21931041,73.41293957,76.60656874,79.80019791,82.99382708,86.18745624,89.38108541,92.57471458,95.76834374,98.96197291,100,100,100,100,100
Papua New Guinea,PNG,"People using at least basic sanitation services, rural (% of rural population)",SH.STA.BASS.RU.ZS,13.12765104,13.12765104,13.12765104,13.12765104,13.12765104,13.12765104,13.12765104,13.12765104,13.12765104,13.12765104,13.12765104,13.12765104,13.12765104,13.12765104,13.12765104,13.12765104
Poland,POL,"People using at least basic sanitation services, rural (% of rural population)",SH.STA.BASS.RU.ZS,76.01564885,77.49160305,78.96755725,80.44351145,81.91946565,83.39541985,84.87137405,86.34732824,87.82328244,89.29923664,90.77519084,92.25114504,93.72709924,95.20305344,96.67900763,98.15496183
Pre-demographic dividend,PRE,"People using at least basic sanitation services, rural (% of rural population)",SH.STA.BASS.RU.ZS,19.48441836,19.54783792,19.68050231,19.80794968,19.94001992,20.13193216,20.32578399,20.51103323,20.71435633,20.92283142,21.13561491,21.04848536,21.27227842,21.50045108,21.6824672,21.85384607
Puerto Rico,PRI,"People using at least basic sanitation services, rural (% of rural population)",SH.STA.BASS.RU.ZS,,,,,,,,,,,,,,,,
"Korea, Dem. Peoples Rep.",PRK,"People using at least basic sanitation services, rural (% of rural population)",SH.STA.BASS.RU.ZS,,,68.42215992,68.42215992,68.42215992,68.42215992,68.42215992,68.42215992,68.42215992,68.42215992,68.42215992,68.42215992,68.42215992,68.42215992,68.42215992,68.42215992
Portugal,PRT,"People using at least basic sanitation services, rural (% of rural population)",SH.STA.BASS.RU.ZS,95.96006603,96.1990512,96.43803638,96.67702156,96.91600674,97.15499191,97.39397709,97.63296227,97.87194745,98.11093262,98.3499178,98.58890298,98.82788816,99.06687333,99.30585851,99.54484369
Paraguay,PRY,"People using at least basic sanitation services, rural (% of rural population)",SH.STA.BASS.RU.ZS,51.50216296,53.4501423,55.39812164,57.34610097,59.29408031,61.24205965,63.19003899,65.13801832,67.08599766,69.033977,70.98195634,72.92993568,74.87791501,76.82589435,78.77387369,80.72185303
West Bank and Gaza,PSE,"People using at least basic sanitation services, rural (% of rural population)",SH.STA.BASS.RU.ZS,96.57967213,96.73139344,96.88311475,97.03483607,97.18655738,97.33827869,97.49,97.64172131,97.79344262,97.94516393,98.09688525,98.24860656,98.40032787,98.55204918,98.70377049,98.8554918
Pacific island small states,PSS,"People using at least basic sanitation services, rural (% of rural population)",SH.STA.BASS.RU.ZS,53.37712359,53.44016818,53.21966034,53.64431416,54.059384,54.64843648,54.85556493,55.4625039,56.06271238,56.65670768,57.23798406,57.79542662,58.33822534,58.83581601,59.32335794,60.43611612
Post-demographic dividend,PST,"People using at least basic sanitation services, rural (% of rural population)",SH.STA.BASS.RU.ZS,97.5133979,97.57697616,97.6410422,97.70074382,97.75720689,97.81491925,98.00473815,98.05610077,98.10647485,98.1541985,98.20012854,98.24436669,98.28775566,98.33018767,98.37355725,98.39971853
French Polynesia,PYF,"People using at least basic sanitation services, rural (% of rural population)",SH.STA.BASS.RU.ZS,,,,,,,,,,,,,,,,
Qatar,QAT,"People using at least basic sanitation services, rural (% of rural population)",SH.STA.BASS.RU.ZS,,,,,,,,,,,,,,,,
Romania,ROU,"People using at least basic sanitation services, rural (% of rural population)",SH.STA.BASS.RU.ZS,,,,,,,68.14491084,68.14491084,68.14491084,68.14491084,68.14491084,68.14491084,68.14491084,68.14491084,68.14491084,68.14491084
Russian Federation,RUS,"People using at least basic sanitation services, rural (% of rural population)",SH.STA.BASS.RU.ZS,54.71519468,56.1260599,57.53692513,58.94779035,60.35865558,61.7695208,63.18038603,64.59125125,66.00211648,67.4129817,68.82384693,70.23471215,71.64557737,73.0564426,74.46730782,75.87817305
Rwanda,RWA,"People using at least basic sanitation services, rural (% of rural population)",SH.STA.BASS.RU.ZS,41.94489404,43.44201669,44.93913934,46.43626199,47.93338464,49.43050729,50.92762994,52.42475259,53.92187525,55.4189979,56.91612055,58.4132432,59.91036585,61.4074885,62.90461115,64.4017338
South Asia,SAS,"People using at least basic sanitation services, rural (% of rural population)",SH.STA.BASS.RU.ZS,13.30610155,14.88641672,16.48203129,18.07827047,19.67395497,21.26860236,22.86245173,24.45624149,26.05070039,27.64672468,29.24486438,30.84506853,32.44739265,34.05399911,35.66119137,37.26085154
Saudi Arabia,SAU,"People using at least basic sanitation services, rural (% of rural population)",SH.STA.BASS.RU.ZS,,,,,,,,,,,,,,,,
Sudan,SDN,"People using at least basic sanitation services, rural (% of rural population)",SH.STA.BASS.RU.ZS,11.14846225,11.14846225,11.14846225,11.14846225,11.14846225,12.21414105,13.27981985,14.34549864,15.41117744,16.47685624,17.54253504,18.60821384,19.67389264,20.73957144,21.80525024,22.87092904
Senegal,SEN,"People using at least basic sanitation services, rural (% of rural population)",SH.STA.BASS.RU.ZS,24.50570971,25.19016946,25.87462921,26.55908895,27.2435487,27.92800845,28.61246819,29.29692794,29.98138769,30.66584743,31.35030718,32.03476693,32.71922667,33.40368642,34.08814617,34.77260592
Singapore,SGP,"People using at least basic sanitation services, rural (% of rural population)",SH.STA.BASS.RU.ZS,,,,,,,,,,,,,,,,
Solomon Islands,SLB,"People using at least basic sanitation services, rural (% of rural population)",SH.STA.BASS.RU.ZS,13.04521177,13.04521177,13.04521177,13.04521177,13.04521177,13.52979735,14.01438292,14.4989685,14.98355408,15.46813966,15.95272523,16.43731081,16.92189639,17.40648197,17.89106755,18.37565312
Sierra Leone,SLE,"People using at least basic sanitation services, rural (% of rural population)",SH.STA.BASS.RU.ZS,4.215306103,4.491655433,4.768004764,5.044354094,5.320703424,5.597052755,5.873402085,6.149751416,6.426100746,6.702450076,6.978799407,7.255148737,7.531498068,7.807847398,8.084196728,8.360546059
El Salvador,SLV,"People using at least basic sanitation services, rural (% of rural population)",SH.STA.BASS.RU.ZS,70.97573894,70.97573894,70.97573894,72.20661762,73.43749629,74.66837496,75.89925364,77.13013231,78.36101098,79.59188966,80.82276833,82.053647,83.28452568,84.51540435,85.74628302,86.9771617
San Marino,SMR,"People using at least basic sanitation services, rural (% of rural population)",SH.STA.BASS.RU.ZS,,,,,,,,,,,,,,,,
Somalia,SOM,"People using at least basic sanitation services, rural (% of rural population)",SH.STA.BASS.RU.ZS,8.723098695,8.685800646,8.648502598,8.61120455,8.573906502,8.536608453,8.499310405,8.462012357,8.424714308,8.38741626,8.350118212,8.312820164,8.275522115,8.238224067,8.200926019,8.163627971
Serbia,SRB,"People using at least basic sanitation services, rural (% of rural population)",SH.STA.BASS.RU.ZS,97.19133607,96.76200028,96.33266448,95.90332868,95.47399288,95.04465708,94.61532128,94.18598548,93.75664968,93.32731388,92.89797808,92.46864229,92.03930649,91.60997069,91.18063489,90.75129909
Sub-Saharan Africa (excluding high income),SSA,"People using at least basic sanitation services, rural (% of rural population)",SH.STA.BASS.RU.ZS,18.0554129,18.16179455,18.27012042,18.3831713,18.49767862,18.66145754,18.82833848,18.98966458,19.16830034,19.3492161,19.53245144,19.48841305,19.67678024,19.86598884,20.05608824,20.23757908
South Sudan,SSD,"People using at least basic sanitation services, rural (% of rural population)",SH.STA.BASS.RU.ZS,,,,,,,,,,,,4.322985315,4.8335317,5.344078085,5.85462447,6.365170855
Sub-Saharan Africa,SSF,"People using at least basic sanitation services, rural (% of rural population)",SH.STA.BASS.RU.ZS,18.0554129,18.16179455,18.27012042,18.3831713,18.49767862,18.66145754,18.82833848,18.98966458,19.16830034,19.3492161,19.53245144,19.48841305,19.67678024,19.86598884,20.05608824,20.23757908
Small states,SST,"People using at least basic sanitation services, rural (% of rural population)",SH.STA.BASS.RU.ZS,46.73338648,47.18631453,46.6191955,47.12232204,47.63337025,48.16194794,49.33169095,50.19732506,50.73319512,51.25386818,51.75485105,52.21176255,52.60961266,52.99174484,53.32939965,53.65655999
Sao Tome and Principe,STP,"People using at least basic sanitation services, rural (% of rural population)",SH.STA.BASS.RU.ZS,14.84411521,15.72241114,16.60070708,17.47900301,18.35729895,19.23559488,20.11389082,20.99218675,21.87048269,22.74877863,23.62707456,24.5053705,25.38366643,26.26196237,27.1402583,28.01855424
Suriname,SUR,"People using at least basic sanitation services, rural (% of rural population)",SH.STA.BASS.RU.ZS,63.45074352,63.278357,63.10597048,62.93358396,62.76119744,62.58881092,62.41642441,62.24403789,62.07165137,61.89926485,61.72687833,61.55449181,61.3821053,61.3821053,61.3821053,61.3821053
Slovak Republic,SVK,"People using at least basic sanitation services, rural (% of rural population)",SH.STA.BASS.RU.ZS,98.17555352,98.18867226,98.201791,98.21490974,98.22802848,98.24114723,98.25426597,98.26738471,98.28050345,98.29362219,98.30674093,98.31985967,98.33297841,98.34609715,98.35921589,98.37233463
Slovenia,SVN,"People using at least basic sanitation services, rural (% of rural population)",SH.STA.BASS.RU.ZS,99.08256881,99.08256881,99.08256881,99.08256881,99.08256881,99.08256881,99.08256881,99.08256881,99.08256881,99.08256881,99.08256881,99.08256881,99.08256881,99.08256881,99.08256881,99.08256881
Sweden,SWE,"People using at least basic sanitation services, rural (% of rural population)",SH.STA.BASS.RU.ZS,99.65,99.65,99.65,99.65,99.65,99.65,99.65,99.65,99.65,99.65,99.65,99.65,99.65,99.64921003,99.64819102,99.647172
Eswatini,SWZ,"People using at least basic sanitation services, rural (% of rural population)",SH.STA.BASS.RU.ZS,46.81235669,47.55736882,48.30238095,49.04739307,49.7924052,50.53741733,51.28242945,52.02744158,52.77245371,53.51746584,54.26247796,55.00749009,55.75250222,56.49751434,57.24252647,57.9875386
Sint Maarten (Dutch part),SXM,"People using at least basic sanitation services, rural (% of rural population)",SH.STA.BASS.RU.ZS,,,,,,,,,,,,,,,,
Seychelles,SYC,"People using at least basic sanitation services, rural (% of rural population)",SH.STA.BASS.RU.ZS,,,,,,,,,,,,,,,,
Syrian Arab Republic,SYR,"People using at least basic sanitation services, rural (% of rural population)",SH.STA.BASS.RU.ZS,90.01064705,89.93818006,89.86571307,89.79324608,89.72077909,89.64831209,89.5758451,89.50337811,89.43091112,89.35844413,89.28597714,89.21351015,89.14104316,89.14104316,89.14104316,89.14104316
Turks and Caicos Islands,TCA,"People using at least basic sanitation services, rural (% of rural population)",SH.STA.BASS.RU.ZS,,,,,,,,,,,,,,,,
Chad,TCD,"People using at least basic sanitation services, rural (% of rural population)",SH.STA.BASS.RU.ZS,6.283595774,6.057162104,5.830728434,5.604294764,5.377861094,5.151427425,4.924993755,4.698560085,4.472126415,4.245692745,4.019259075,3.792825405,3.566391736,3.339958066,3.113524396,2.887090726
East Asia & Pacific (IDA & IBRD countries),TEA,"People using at least basic sanitation services, rural (% of rural population)",SH.STA.BASS.RU.ZS,50.62315843,50.96052533,51.75999054,52.5758177,53.39370546,54.21416674,55.0364688,55.86234772,56.69227416,57.52774661,58.36744673,59.22042048,60.08090564,60.94648148,61.81567584,62.68836907
Europe & Central Asia (IDA & IBRD countries),TEC,"People using at least basic sanitation services, rural (% of rural population)",SH.STA.BASS.RU.ZS,74.99119489,75.83286632,76.88727004,77.95553239,79.02778994,80.10371341,80.36120614,81.21703252,82.0295579,82.84847289,83.67720509,84.50831585,85.33392983,86.16022904,86.98671263,87.772411
Togo,TGO,"People using at least basic sanitation services, rural (% of rural population)",SH.STA.BASS.RU.ZS,4.313359656,4.327781889,4.342204123,4.356626356,4.37104859,4.385470823,4.399893057,4.41431529,4.428737524,4.443159757,4.457581991,4.472004224,4.486426458,4.500848692,4.515270925,4.529693159
Thailand,THA,"People using at least basic sanitation services, rural (% of rural population)",SH.STA.BASS.RU.ZS,95.38089696,95.43673928,95.4925816,95.54842393,95.60426625,95.66010857,95.7159509,95.77179322,95.82763554,95.88347787,95.93932019,95.99516251,96.05100484,96.10684716,96.16268948,96.2185318
Tajikistan,TJK,"People using at least basic sanitation services, rural (% of rural population)",SH.STA.BASS.RU.ZS,89.03839822,89.53809186,90.0377855,90.53747914,91.03717278,91.53686642,92.03656006,92.5362537,93.03594734,93.53564098,94.03533462,94.53502826,95.0347219,95.53441554,96.03410919,96.03410919
Turkmenistan,TKM,"People using at least basic sanitation services, rural (% of rural population)",SH.STA.BASS.RU.ZS,96.31833331,96.47770499,96.63707667,96.79644835,96.95582003,97.11519171,97.27456339,97.43393507,97.59330676,97.75267844,97.91205012,98.0714218,98.23079348,98.39016516,98.54953684,98.70890852
Latin America & the Caribbean (IDA & IBRD countries),TLA,"People using at least basic sanitation services, rural (% of rural population)",SH.STA.BASS.RU.ZS,45.97048543,47.37867399,48.79067966,50.22983449,51.65261606,53.07940706,54.51135088,55.94810099,57.3818045,58.81746267,60.25631241,61.70152438,63.15166957,64.6107456,66.02533434,67.38675526
Timor-Leste,TLS,"People using at least basic sanitation services, rural (% of rural population)",SH.STA.BASS.RU.ZS,,,27.18248559,27.40842223,27.63435886,27.8602955,28.08623213,28.31216876,28.5381054,28.76404203,28.98997867,29.2159153,29.44185194,29.66778857,29.8937252,30.11966184
Middle East & North Africa (IDA & IBRD countries),TMN,"People using at least basic sanitation services, rural (% of rural population)",SH.STA.BASS.RU.ZS,71.18018148,71.64827714,72.11775534,72.73972707,73.37143163,73.96849386,74.57285277,75.18857725,75.80858298,76.42608145,77.0402481,77.67654857,78.31288282,78.95500542,79.42476322,79.88041258
Tonga,TON,"People using at least basic sanitation services, rural (% of rural population)",SH.STA.BASS.RU.ZS,85.69050942,85.69050942,85.69050942,85.69050942,85.69050942,86.37086405,87.05121869,87.73157332,88.41192795,89.09228259,89.77263722,90.45299186,91.13334649,91.81370112,92.49405576,92.49405576
South Asia (IDA & IBRD),TSA,"People using at least basic sanitation services, rural (% of rural population)",SH.STA.BASS.RU.ZS,13.30610155,14.88641672,16.48203129,18.07827047,19.67395497,21.26860236,22.86245173,24.45624149,26.05070039,27.64672468,29.24486438,30.84506853,32.44739265,34.05399911,35.66119137,37.26085154
Sub-Saharan Africa (IDA & IBRD countries),TSS,"People using at least basic sanitation services, rural (% of rural population)",SH.STA.BASS.RU.ZS,18.0554129,18.16179455,18.27012042,18.3831713,18.49767862,18.66145754,18.82833848,18.98966458,19.16830034,19.3492161,19.53245144,19.48841305,19.67678024,19.86598884,20.05608824,20.23757908
Trinidad and Tobago,TTO,"People using at least basic sanitation services, rural (% of rural population)",SH.STA.BASS.RU.ZS,,,,,,,,,,,,,,,,
Tunisia,TUN,"People using at least basic sanitation services, rural (% of rural population)",SH.STA.BASS.RU.ZS,56.43186614,58.21494354,59.99802093,61.78109833,63.56417572,65.34725312,67.13033051,68.91340791,70.6964853,72.4795627,74.26264009,76.04571749,77.82879488,79.61187227,81.39494967,83.17802706
Turkey,TUR,"People using at least basic sanitation services, rural (% of rural population)",SH.STA.BASS.RU.ZS,69.87552284,69.87552284,71.24455376,72.61358467,73.98261558,75.35164649,76.72067741,78.08970832,79.45873923,80.82777014,82.19680106,83.56583197,84.93486288,86.30389379,87.6729247,89.04195562
Tuvalu,TUV,"People using at least basic sanitation services, rural (% of rural population)",SH.STA.BASS.RU.ZS,,79.53755733,79.53755733,79.53755733,79.53755733,79.53755733,80.99677867,82.456,83.91522133,85.37444267,86.833664,88.29288533,89.75210667,91.10200559,90.99621891,90.99621891
Tanzania,TZA,"People using at least basic sanitation services, rural (% of rural population)",SH.STA.BASS.RU.ZS,5.072480339,5.882141754,6.691803169,7.501464584,8.311125999,9.120787414,9.930448829,10.74011024,11.54977166,12.35943307,13.16909449,13.9787559,14.78841732,15.59807873,16.40774015,17.21740156
Uganda,UGA,"People using at least basic sanitation services, rural (% of rural population)",SH.STA.BASS.RU.ZS,13.62829637,13.88013358,14.1319708,14.38380801,14.63564522,14.88748244,15.13931965,15.39115687,15.64299408,15.89483129,16.14666851,16.39850572,16.65034294,16.90218015,17.15401737,17.40585458
Ukraine,UKR,"People using at least basic sanitation services, rural (% of rural population)",SH.STA.BASS.RU.ZS,89.68824649,89.89756291,90.10687933,90.31619575,90.52551217,90.73482859,90.94414501,91.15346143,91.36277784,91.57209426,91.78141068,91.9907271,92.20004352,92.40935994,92.61867636,92.61867636
Upper middle income,UMC,"People using at least basic sanitation services, rural (% of rural population)",SH.STA.BASS.RU.ZS,55.2490689,55.51460207,56.29986914,57.0910177,57.88739407,58.68615859,59.57597012,60.37698512,61.18492422,62.00464347,62.82924087,63.66959077,64.51827274,65.37456282,66.20307594,67.03338566
Uruguay,URY,"People using at least basic sanitation services, rural (% of rural population)",SH.STA.BASS.RU.ZS,85.05310731,85.05310731,85.05310731,85.05310731,85.05310731,85.94422203,86.83533674,87.72645145,88.61756616,89.50868087,90.39979559,91.2909103,92.18202501,93.07313972,93.96425443,94.85536915
United States,USA,"People using at least basic sanitation services, rural (% of rural population)",SH.STA.BASS.RU.ZS,99.88250773,99.88250773,99.88250773,99.88250773,99.88250773,99.88250773,99.88250773,99.88250773,99.88250773,99.88250773,99.88250773,99.88250773,99.88250773,99.88250773,99.88250773,99.88250773
Uzbekistan,UZB,"People using at least basic sanitation services, rural (% of rural population)",SH.STA.BASS.RU.ZS,84.77619018,87.22788698,89.67958377,92.13128057,94.58297736,97.03467416,99.48637095,100,100,100,100,100,100,100,100,100
St. Vincent and the Grenadines,VCT,"People using at least basic sanitation services, rural (% of rural population)",SH.STA.BASS.RU.ZS,,,,,,,,,,,,,,,,
"Venezuela, RB",VEN,"People using at least basic sanitation services, rural (% of rural population)",SH.STA.BASS.RU.ZS,52.48081199,54.00237494,55.52393789,57.04550084,58.56706379,60.08862674,61.61018969,63.13175264,64.65331559,66.17487854,67.69644149,69.21800444,70.73956739,72.26113034,72.26113034,72.26113034
British Virgin Islands,VGB,"People using at least basic sanitation services, rural (% of rural population)",SH.STA.BASS.RU.ZS,,,,,,,,,,,,,,,,
Virgin Islands (U.S.),VIR,"People using at least basic sanitation services, rural (% of rural population)",SH.STA.BASS.RU.ZS,,,,,,,,,,,,,,,,
Vietnam,VNM,"People using at least basic sanitation services, rural (% of rural population)",SH.STA.BASS.RU.ZS,44.13259642,45.97630761,47.8200188,49.66373,51.50744119,53.35115238,55.19486357,57.03857476,58.88228596,60.72599715,62.56970834,64.41341953,66.25713072,68.10084192,69.94455311,71.7882643
Vanuatu,VUT,"People using at least basic sanitation services, rural (% of rural population)",SH.STA.BASS.RU.ZS,50.65129466,50.65129466,50.65129466,50.65129466,50.65129466,50.65129466,50.65129466,50.65129466,50.65129466,50.65129466,50.65129466,50.65129466,50.65129466,50.65129466,50.65129466,50.65129466
World,WLD,"People using at least basic sanitation services, rural (% of rural population)",SH.STA.BASS.RU.ZS,38.15700676,38.71450474,39.54008021,40.28933655,41.04195499,41.80423195,42.97773592,43.73412087,44.49908269,45.26720266,46.03661759,46.70348643,47.4869677,48.27597533,49.05775728,49.82731555
Samoa,WSM,"People using at least basic sanitation services, rural (% of rural population)",SH.STA.BASS.RU.ZS,98.43244227,98.43244227,98.43244227,98.43244227,98.43244227,98.23521101,98.03797974,97.84074847,97.64351721,97.44628594,97.24905467,97.05182341,96.85459214,96.65736087,96.46012961,96.26289834
Kosovo,XKX,"People using at least basic sanitation services, rural (% of rural population)",SH.STA.BASS.RU.ZS,,,,,,,,,,,,,,,,
"Yemen, Rep.",YEM,"People using at least basic sanitation services, rural (% of rural population)",SH.STA.BASS.RU.ZS,26.05305262,26.05305262,26.05305262,27.4085686,28.76408459,30.11960057,31.47511655,32.83063253,34.18614851,35.5416645,36.89718048,38.25269646,39.60821244,40.96372842,42.3192444,43.67476039
South Africa,ZAF,"People using at least basic sanitation services, rural (% of rural population)",SH.STA.BASS.RU.ZS,44.57465716,46.18115167,47.78764617,49.39414067,51.00063517,52.60712968,54.21362418,55.82011868,57.42661318,59.03310769,60.63960219,62.24609669,63.8525912,65.4590857,67.0655802,68.6720747
Zambia,ZMB,"People using at least basic sanitation services, rural (% of rural population)",SH.STA.BASS.RU.ZS,12.68162615,13.08446521,13.48730427,13.89014334,14.2929824,14.69582146,15.09866052,15.50149959,15.90433865,16.30717771,16.71001677,17.11285584,17.5156949,17.91853396,18.32137302,18.72421209
Zimbabwe,ZWE,"People using at least basic sanitation services, rural (% of rural population)",SH.STA.BASS.RU.ZS,35.67412492,35.67412492,35.35755792,35.04099093,34.72442394,34.40785694,34.09128995,33.77472296,33.45815596,33.14158897,32.82502198,32.50845498,32.19188799,31.875321,31.558754,31.24218701