Country Name,Country Code,Indicator Name,Indicator Code,1960,1961,1962,1963,1964,1965,1966,1967,1968,1969,1970,1971,1972,1973,1974,1975,1976,1977,1978,1979,1980,1981,1982,1983,1984,1985,1986,1987,1988,1989,1990,1991,1992,1993,1994,1995,1996,1997,1998,1999,2000,2001,2002,2003,2004,2005,2006,2007,2008,2009,2010,2011,2012,2013,2014,2015,2016,2017
Aruba,ABW,"Mortality rate, under-5 (per 1,000 live births)",SH.DYN.MORT,,,,,,,,,,,,,,,,,,,,,,,,,,,,,,,,,,,,,,,,,,,,,,,,,,,,,,,,,,
Afghanistan,AFG,"Mortality rate, under-5 (per 1,000 live births)",SH.DYN.MORT,356.5,350.5,344.8,339.3,334.1,328.5,323,317.5,312.1,306.6,300.9,295.3,290,283.9,278.2,272.2,266.2,260.2,254.1,247.7,241.3,234.6,228.1,221.4,214.7,208,201.3,194.6,188,181.4,175.1,168.9,162.9,157.4,152.4,147.8,143.5,139.6,135.8,132.3,128.8,125.3,121.7,117.9,114.1,110.1,106.1,102,97.9,93.9,90,86.2,82.6,79.2,76,73.1,70.4,67.9
Angola,AGO,"Mortality rate, under-5 (per 1,000 live births)",SH.DYN.MORT,,,,,,,,,,,,,,,,,,,,,235.6,233,230.8,228.6,226.9,225.5,224.7,224.1,223.8,223.5,223.5,223.6,223.7,223.8,223.5,222.7,221.3,218.9,215.6,211.4,206.3,200.3,193.4,185.7,177,167.8,158.2,148.7,139.3,130,121.3,113.2,105.8,99.2,93.6,88.9,84.6,81.1
Albania,ALB,"Mortality rate, under-5 (per 1,000 live births)",SH.DYN.MORT,,,,,,,,,,,,,,,,,,,95,87.2,80.1,73.6,67.9,62.7,58.2,54,50.4,47.2,44.5,42.2,40.1,38.4,36.8,35.4,33.9,32.4,30.9,29.3,27.7,26.1,24.5,22.9,21.4,19.9,18.5,17.2,16,14.8,13.8,12.8,12,11.3,10.7,10.1,9.7,9.4,9.1,8.8
Andorra,AND,"Mortality rate, under-5 (per 1,000 live births)",SH.DYN.MORT,,,,,,,,,,,,,,,,,,,,,,,,,,11.7,11,10.3,9.7,9.1,8.5,8,7.5,7.1,6.7,6.3,6,5.7,5.4,5.2,5,4.8,4.7,4.5,4.4,4.3,4.2,4.2,4.1,4,3.9,3.9,3.8,3.7,3.6,3.5,3.4,3.3
Arab World,ARB,"Mortality rate, under-5 (per 1,000 live births)",SH.DYN.MORT,,,,,,,,,,,,,,,,,,,,,,,,,,,,,,,81.14188262,78.73941376,76.47976108,74.41840432,72.37358262,70.39686257,68.47007124,66.58596151,64.70845153,62.81789526,60.95992949,59.08320011,57.24342332,55.40544962,53.66025602,51.94740765,50.22822132,48.45640044,46.66733422,45.02127582,43.48897315,42.17024357,41.07953447,40.0062902,39.09198305,38.20121052,37.44802393,36.66120181
United Arab Emirates,ARE,"Mortality rate, under-5 (per 1,000 live births)",SH.DYN.MORT,199.9,190.4,180.6,170.6,160.4,149.9,139.2,128.7,118.3,108.1,98.4,89.3,80.8,73,66,59.7,53.9,48.6,43.7,39.4,35.5,32.1,29.2,26.8,24.7,22.9,21.3,19.9,18.7,17.6,16.6,15.8,15,14.3,13.7,13.2,12.7,12.3,11.9,11.6,11.2,10.9,10.6,10.3,10,9.7,9.4,9.1,8.8,8.6,8.4,8.3,8.2,8.3,8.5,8.7,9,9.1
Argentina,ARG,"Mortality rate, under-5 (per 1,000 live births)",SH.DYN.MORT,,,,,,,,,,73.1,72.3,71.5,70.3,68.8,66.6,63.9,60.4,56.2,51.7,47.4,43.5,40.1,37.2,34.7,32.7,31.1,29.9,29.3,29.1,29,28.8,28.3,27.6,26.5,25.5,24.4,23.4,22.4,21.5,20.6,19.8,19,18.3,17.6,17,16.5,16.1,15.7,15.4,15,14.5,13.9,13.3,12.7,12,11.4,10.9,10.4
Armenia,ARM,"Mortality rate, under-5 (per 1,000 live births)",SH.DYN.MORT,,,,,,,,,,,,,,,,,88,84.4,81.1,77.9,74.9,71.9,69.1,66.4,63.9,61.4,59,56.6,81.9,51.9,49.6,47.3,45,42.8,40.6,38.6,36.7,34.9,33.2,31.6,30,28.5,27.1,25.8,24.5,23.3,22.1,21,20,19,18,17.1,16.3,15.5,14.7,14,13.3,12.6
American Samoa,ASM,"Mortality rate, under-5 (per 1,000 live births)",SH.DYN.MORT,,,,,,,,,,,,,,,,,,,,,,,,,,,,,,,,,,,,,,,,,,,,,,,,,,,,,,,,,,
Antigua and Barbuda,ATG,"Mortality rate, under-5 (per 1,000 live births)",SH.DYN.MORT,,,,,,,,,,,,,,,,,,,,,,,,,,35.5,33.4,31.5,29.6,27.9,26.3,24.7,23.3,22,20.7,19.5,18.4,17.4,16.5,15.6,14.9,14.2,13.6,13,12.5,12,11.5,11.1,10.7,10.3,9.8,9.5,9.1,8.7,8.3,8,7.7,7.4
Australia,AUS,"Mortality rate, under-5 (per 1,000 live births)",SH.DYN.MORT,24.9,24.3,23.7,23.2,22.7,22.4,22.1,22,21.9,21.7,21.5,21,20.3,19.4,18.4,17.3,16.2,15.2,14.4,13.6,13,12.6,12.2,11.9,11.6,11.3,11,10.6,10.2,9.7,9.2,8.7,8.2,7.7,7.3,7,6.8,6.6,6.4,6.3,6.2,6.1,6,5.9,5.8,5.7,5.6,5.4,5.2,5,4.8,4.6,4.3,4.2,4,3.8,3.7,3.5
Austria,AUT,"Mortality rate, under-5 (per 1,000 live births)",SH.DYN.MORT,42.8,40.2,37.9,35.9,34.2,32.7,31.5,30.5,29.8,29.4,29.1,28.7,28,26.8,25.1,23,21.1,19.4,18.1,17.1,16.2,15.5,14.8,14,13.3,12.6,11.9,11.2,10.5,10,9.5,9,8.5,7.9,7.4,6.8,6.4,6,5.8,5.6,5.5,5.4,5.3,5.2,5.1,4.9,4.8,4.6,4.5,4.4,4.3,4.2,4.1,3.9,3.8,3.7,3.6,3.6
Azerbaijan,AZE,"Mortality rate, under-5 (per 1,000 live births)",SH.DYN.MORT,,,,,,,,,,,,,,,,,,,,,,,108.9,106.4,104.1,101.8,99.7,98,96.6,95.6,95.3,95.5,95.9,96.1,95.7,94.3,92.1,88.9,84.6,79.8,74.7,69.5,64.5,59.9,55.7,52,48.7,45.6,42.7,40,37.4,35,32.6,30.4,28.4,26.4,24.6,23
Burundi,BDI,"Mortality rate, under-5 (per 1,000 live births)",SH.DYN.MORT,,,,,239.7,241.6,243.3,245.2,246.4,247.5,248,248.4,248.8,249.3,250.1,250.6,249.9,247.1,242,234.7,225.4,214.9,203.9,193,183.4,176.3,171.9,170,170.4,172.2,174.6,176.9,178.7,179.5,179.1,177.6,175.1,171.6,167.1,162.1,156.7,151,145.1,139,132.5,125.4,118,110.6,103.4,96.7,90.6,85.1,79.9,75.2,70.8,67.1,63.9,61.2
Belgium,BEL,"Mortality rate, under-5 (per 1,000 live births)",SH.DYN.MORT,33.9,32.4,31.1,30,28.9,27.9,27,26.2,25.5,24.8,23.9,23,21.9,20.8,19.6,18.6,17.6,16.7,15.9,15.2,14.5,13.9,13.3,12.7,12.2,11.8,11.4,11,10.7,10.3,10,9.6,9.2,8.7,8.2,7.6,7.1,6.7,6.4,6.1,5.9,5.7,5.5,5.3,5.2,5,4.9,4.8,4.7,4.6,4.5,4.4,4.3,4.2,4.1,4,3.9,3.8
Benin,BEN,"Mortality rate, under-5 (per 1,000 live births)",SH.DYN.MORT,321.2,315.9,309.9,303.1,295.7,288.6,282.1,276.6,272.3,268.7,265.4,262.2,258.3,253.5,247.9,241.5,234.6,228.1,222.4,217.5,213.5,210.3,207.2,204.1,200.8,197.5,193.9,190.3,186.4,182.2,177.8,173,168.3,163.8,159.8,156.5,154,151.8,149.3,146.6,143.2,139.5,135.5,131.4,127.5,123.9,121,118.6,116.7,115,113.6,112.2,110.5,108.5,106.2,103.7,101,98.3
Burkina Faso,BFA,"Mortality rate, under-5 (per 1,000 live births)",SH.DYN.MORT,342,338,334.3,330.8,327.6,324.8,322.5,320.5,318.5,316.6,314.7,312,308.2,302.2,294.2,284.1,273.6,263.1,253.6,245.5,239,233.5,228.8,224.4,220,215.5,211.1,206.9,203.4,201.1,199.8,199.4,199.3,199.2,198.2,196.5,194,190.9,187.5,184.1,180.4,176.5,172.2,167.1,161.1,154.1,146.5,138.6,130.8,123.3,116.1,109.4,103.2,97.5,92.6,88.4,84.5,81.2
Bangladesh,BGD,"Mortality rate, under-5 (per 1,000 live births)",SH.DYN.MORT,259.2,252.8,247,241.6,236.7,232.6,229.3,226.6,224.6,223.2,222.2,221.4,220.7,219.6,218.2,216.1,213.5,210.4,206.8,202.7,198.3,193.8,189,184,178.7,173.2,167.5,161.6,155.7,149.7,143.8,137.7,131.7,125.8,119.8,114,108.3,102.8,97.5,92.4,87.4,82.8,78.4,74.1,70.1,66.2,62.5,58.9,55.6,52.3,49.2,46.3,43.6,41,38.6,36.4,34.3,32.4
Bulgaria,BGR,"Mortality rate, under-5 (per 1,000 live births)",SH.DYN.MORT,,,,38.6,38.1,37.6,37,36.4,35.4,34,32.5,31.2,30.3,29.7,29.1,28.6,27.9,27,26,25,23.9,23,22.2,21.4,20.5,19.6,18.8,18.2,17.9,18,18.4,18.8,19,19.2,19.3,19.3,19.3,19.2,18.9,18.3,17.6,16.8,15.9,15.1,14.2,13.3,12.5,11.9,11.5,11.1,10.7,10.3,9.8,9.3,8.8,8.3,7.9,7.5
Bahrain,BHR,"Mortality rate, under-5 (per 1,000 live births)",SH.DYN.MORT,200,182.9,166.8,152,138.3,125.5,113.7,102.9,92.9,83.7,75.4,68,61.4,55.7,50.7,46.3,42.6,39.4,36.6,34.1,32,30.1,28.5,27.2,26,25,24.2,23.7,23.4,23.2,23,22.7,22.1,21,19.7,18.1,16.6,15.2,14,13.1,12.5,12,11.6,11.3,11,10.7,10.3,9.8,9.3,8.9,8.5,8.2,8,7.8,7.7,7.6,7.5,7.3
"Bahamas, The",BHS,"Mortality rate, under-5 (per 1,000 live births)",SH.DYN.MORT,,,,,,,,,29.3,30,30.6,31.2,31.7,32.1,32.3,32.2,31.9,31.5,31,30.5,29.9,29.4,28.9,28.6,28.3,27.8,27.3,26.6,25.6,24.6,23.5,22.5,21.5,20.6,19.7,18.8,17.9,17.2,16.6,16.2,16,15.9,15.8,15.7,15.5,15.2,14.7,14.1,13.3,12.5,11.7,10.8,10,9.3,8.6,8,7.6,7.2
Bosnia and Herzegovina,BIH,"Mortality rate, under-5 (per 1,000 live births)",SH.DYN.MORT,,,,,,,,,,,,,,,,,,,,,,,,,29.4,27.1,24.9,23,21.3,19.7,18.2,16.8,18,17.5,14.7,14.1,12.2,11.5,10.9,10.3,9.9,9.5,9.3,9.2,9,8.9,8.6,8.3,7.9,7.5,7.2,6.8,6.6,6.4,6.2,6,5.9,5.7
Belarus,BLR,"Mortality rate, under-5 (per 1,000 live births)",SH.DYN.MORT,,,,,,,,,,,,,,,,,,,,,21,20.2,19.4,18.8,18.1,17.6,17,16.4,15.9,15.5,15.2,15.2,15.3,15.5,15.7,15.7,15.5,15.1,14.5,13.7,12.8,11.8,10.9,10,9.3,8.5,7.9,7.2,6.6,6,5.5,5.1,4.8,4.5,4.3,4.1,3.9,3.7
Belize,BLZ,"Mortality rate, under-5 (per 1,000 live births)",SH.DYN.MORT,,,,,,,,109.9,105.2,100.7,96.4,92.4,88.7,85.1,81.8,78.7,75.7,72.7,70.1,67.4,64.8,62.2,59.8,57.1,54.5,51.9,49.1,46.4,43.7,41,38.5,36.2,34.1,32.2,30.6,29.1,27.8,26.6,25.5,24.6,23.7,22.9,22.2,21.7,21.3,20.9,20.6,20.3,19.9,19.5,19,18.4,17.8,17.1,16.4,15.6,14.9,14.2
Bermuda,BMU,"Mortality rate, under-5 (per 1,000 live births)",SH.DYN.MORT,,,,,,,,,,,,,,,,,,,,,,,,,,,,,,,,,,,,,,,,,,,,,,,,,,,,,,,,,,
Bolivia,BOL,"Mortality rate, under-5 (per 1,000 live births)",SH.DYN.MORT,289.1,283,277,271.1,265.1,259.2,253.2,247.3,241.3,235.2,229.1,222.9,216.7,210.5,204.2,197.9,191.8,185.8,180.2,174.9,170,165.5,161.1,156.7,152.3,147.7,143,138.2,133.3,128.5,123.8,119.2,114.7,110.2,105.8,101.4,97,92.6,88.2,83.9,79.6,75.5,71.6,67.7,64.1,60.6,57.2,54.1,51.1,48.4,46,44,42.2,40.5,39,37.5,36.1,34.9
Brazil,BRA,"Mortality rate, under-5 (per 1,000 live births)",SH.DYN.MORT,169.4,164.6,160.1,155.8,151.9,148.4,145.2,142.1,139,136,132.7,129.4,125.9,122.5,119.1,115.6,112.2,108.6,104.8,100.7,96.5,92.2,88,84.1,80.4,77.1,74.1,71.3,68.6,65.8,63.1,60.2,57.2,54.1,51,47.9,44.9,42.1,39.5,37,34.7,32.5,30.5,28.5,26.6,24.9,23.3,21.9,20.7,19.6,18.7,17.9,17.3,16.7,16.2,15.7,16.3,14.8
Barbados,BRB,"Mortality rate, under-5 (per 1,000 live births)",SH.DYN.MORT,83.7,78,73.1,68.7,64.8,61.3,58.2,55.5,53,50.5,48.2,45.8,43.4,41.1,38.9,36.7,34.6,32.6,30.7,28.9,27.3,25.9,24.7,23.7,22.8,22,21.2,20.4,19.6,18.7,17.9,17.1,16.4,15.7,15.3,14.9,14.7,14.7,14.8,14.9,15.2,15.4,15.6,15.8,15.8,15.7,15.5,15.3,15,14.8,14.5,14.2,14,13.7,13.4,13.1,12.8,12.4
Brunei Darussalam,BRN,"Mortality rate, under-5 (per 1,000 live births)",SH.DYN.MORT,,,,,,,,,,,,,,,,,,,,,,,16.2,15.7,15.2,14.7,14.2,13.9,13.6,13.5,13.4,13.3,13.3,13.1,12.9,12.7,12.4,12.2,12,11.8,11.8,11.8,11.7,11.7,11.6,11.5,11.3,11.1,10.9,10.7,10.6,10.5,10.5,10.5,10.5,10.5,10.5,10.5
Bhutan,BTN,"Mortality rate, under-5 (per 1,000 live births)",SH.DYN.MORT,,,,,,,,,,277.8,269.6,261.8,254.1,246.3,238.7,231.2,223.7,216.4,209,201.7,194.2,187,179.8,172.8,165.9,159.2,152.5,146,139.6,133.6,127.9,122.2,116.8,111.4,106.3,101.1,96.2,91.3,86.6,82.1,77.7,73.5,69.4,65.3,61.5,57.8,54.4,51.1,48.1,45.1,42.5,40.1,38.1,36.4,34.8,33.4,32,30.8
Botswana,BWA,"Mortality rate, under-5 (per 1,000 live births)",SH.DYN.MORT,169.2,164,158.8,153.5,148.6,143.8,139.3,134.6,130,125.2,120.5,115.5,110.5,105.4,100.3,95.1,90,85.1,80.3,75.8,71.6,67.6,64,60.7,57.7,55,52.7,51,50.1,50.2,51.3,53.7,57.2,61,65.4,70.1,74.6,78.8,82.5,85.1,87,86.5,84.5,81.9,78.2,72,65.7,61.7,59.3,55.6,49.9,48.8,46,43.1,42.2,40.6,39.3,37.6
Central African Republic,CAF,"Mortality rate, under-5 (per 1,000 live births)",SH.DYN.MORT,282.6,277.2,271.8,266,260,253.6,247.1,240.5,234.1,228,222.3,217,211.9,207.3,203,199.1,195.5,192.2,189.1,186.3,183.8,181.8,180.2,179,178.2,177.4,176.8,176.3,175.9,175.8,175.8,175.8,175.9,176.1,176.5,177.1,177.3,177.3,176.9,176.3,175.2,173.7,172,170.2,168.3,166.3,163.8,161.3,158.4,154.9,150.9,146.8,142.9,139,134.8,130.2,125,121.5
Canada,CAN,"Mortality rate, under-5 (per 1,000 live births)",SH.DYN.MORT,32.6,31.6,30.5,29.4,28.2,27.1,26,25,24,23,22,21,19.9,18.9,18,17,16,15.1,14.2,13.3,12.5,11.8,11.2,10.6,10.1,9.8,9.4,9.1,8.8,8.6,8.3,8,7.7,7.4,7.2,6.9,6.7,6.5,6.4,6.3,6.2,6.2,6.1,6.1,6.1,6.1,6,5.9,5.8,5.7,5.6,5.6,5.5,5.5,5.4,5.3,5.2,5.1
Central Europe and the Baltics,CEB,"Mortality rate, under-5 (per 1,000 live births)",SH.DYN.MORT,,,,,,,,,,,,,,,,,,,,,,,,,,,,,,,19.37802503,18.79192603,18.24239972,17.66296318,17.00035362,16.27836634,15.53230037,14.72982844,13.8451488,13.03119516,12.36721232,11.80942687,11.34328237,10.89564375,10.4129688,9.851110221,9.159533685,8.504076218,7.936341889,7.438978262,7.100372197,6.804569645,6.581144922,6.309093811,6.033259269,5.754863297,5.506669404,5.253083595
Switzerland,CHE,"Mortality rate, under-5 (per 1,000 live births)",SH.DYN.MORT,26.5,26,25.4,24.6,23.6,22.5,21.6,20.7,19.9,19.2,18.4,17.6,16.7,15.8,14.8,13.8,12.9,12.1,11.4,10.8,10.4,10,9.7,9.4,9.2,9,8.9,8.8,8.6,8.4,8.2,7.9,7.5,7.1,6.7,6.4,6.1,6,5.8,5.7,5.6,5.5,5.4,5.3,5.2,5.1,4.9,4.8,4.7,4.6,4.6,4.5,4.4,4.4,4.4,4.3,4.3,4.2
Channel Islands,CHI,"Mortality rate, under-5 (per 1,000 live births)",SH.DYN.MORT,,,,,,,,,,,,,,,,,,,,,,,,,,,,,,,,,,,,,,,,,,,,,,,,,,,,,,,,,,
Chile,CHL,"Mortality rate, under-5 (per 1,000 live births)",SH.DYN.MORT,157.3,148.6,142.1,135.7,127.1,115.7,104.1,94.2,86.7,81.9,79.3,77.9,76.9,75,70.9,64.4,56.7,48.9,42,36.8,33.1,30,27.1,24.6,23,22.4,22.2,21.9,21.3,20.4,19.1,17.8,16.4,15.1,14,13.1,12.5,12.2,11.9,11.5,10.9,10.3,9.8,9.5,9.3,9.2,9.1,9.1,9.1,9,8.8,8.5,8.4,8.3,8.1,7.9,7.7,7.4
China,CHN,"Mortality rate, under-5 (per 1,000 live births)",SH.DYN.MORT,,,,,,,,,,117.2,111.5,105.8,100.5,95.1,89.7,84.3,79,74,69.6,65.7,62.3,59.5,57.3,55.7,54.6,53.9,53.7,53.8,53.9,54,53.8,53.2,52.3,50.9,49.3,47.4,45.5,43.5,41.4,39.2,36.8,34.2,31.5,28.9,26.3,24,21.9,20,18.5,17,15.8,14.6,13.5,12.5,11.6,10.8,10,9.3
Cote d'Ivoire,CIV,"Mortality rate, under-5 (per 1,000 live births)",SH.DYN.MORT,317.5,309.2,301.1,293.3,285.8,278.6,271.4,264.3,257.3,250.5,243.4,236,228,219.4,210.4,201.2,192.3,184,176.8,170.8,165.8,161.8,158.6,156.2,154.4,152.9,152,151.4,151.4,151.5,151.9,152.4,153,153.6,154.1,154.4,154.2,153.3,151.8,149.5,146.8,143.5,140,136.5,132.7,128.8,125,121.1,117.1,113.2,109.8,106.6,103.5,100.6,97.7,94.9,91.8,88.8
Cameroon,CMR,"Mortality rate, under-5 (per 1,000 live births)",SH.DYN.MORT,277.8,271.8,266.8,262.8,258.2,252.6,246,238.2,229.2,220.1,211.3,203.7,197.8,193.9,191.6,190.5,190,189.2,187.6,184.8,181,176.1,170.2,163.8,157.4,151.2,145.9,141.8,139.2,138.2,138.6,140.3,142.7,145.4,148.1,150.5,152.3,153.4,153.5,152.4,150.3,147.2,143.6,139.8,136,132.2,128.2,124.2,119.7,115.4,110.4,105.8,101.5,97.4,93.8,90.1,86.8,84
"Congo, Dem. Rep.",COD,"Mortality rate, under-5 (per 1,000 live births)",SH.DYN.MORT,,,,,,,,,,249.6,246.3,243,239.7,236.2,232.4,229,225.4,221.8,218,214.7,211.4,208.2,205,202.3,199.8,197.3,195.1,192.9,190.6,188.5,186.3,184.2,182.2,180.3,178.5,176.5,174.4,171.8,168.6,165.2,161.3,157,152.6,147.9,143.1,138.3,133.6,129,124.5,120.2,116.1,112.1,108.3,104.7,101,97.6,94.4,91.1
"Congo, Rep.",COG,"Mortality rate, under-5 (per 1,000 live births)",SH.DYN.MORT,183,179,175.2,171.2,167,162.7,158.1,153.6,149.3,145.3,141.4,137.6,133.6,130.2,126.7,123.3,120,116.8,113.7,110.8,107.6,104.7,102,99,96.1,93.6,91.4,90,89.1,89.2,90,91.5,93.6,96.3,99.6,103.3,107,110.6,113.4,114.8,114.3,111.9,107.7,102,95.6,88.7,82.2,76.1,70.9,66.6,63.1,60.2,57.6,55.3,53.3,51.3,49.4,47.5
Colombia,COL,"Mortality rate, under-5 (per 1,000 live births)",SH.DYN.MORT,134.7,130.2,126,121.9,118.1,114.6,111.2,107.8,104.4,101,97.5,93.9,90.2,86.4,82.4,78.3,74,69.7,65.4,61.4,57.5,53.9,50.7,47.7,45,42.7,40.7,39,37.6,36.3,35.1,34.1,33,31.9,30.8,29.7,28.7,27.7,26.7,25.8,25,24.3,23.6,22.9,22.3,21.6,21,20.4,19.8,19.1,18.5,18,17.4,16.8,16.2,15.7,15.2,14.7
Comoros,COM,"Mortality rate, under-5 (per 1,000 live births)",SH.DYN.MORT,,,,,,,,,,,224.9,220.2,215.5,211,206.3,201.5,196.4,191,185.6,179.9,174.2,168.4,162.8,157.2,151.8,146.7,141.8,137.3,133,128.9,124.8,120.9,117.1,113.5,110.4,107.8,105.6,103.9,102.6,101.7,101.1,100.7,100.6,100.1,99.1,97.4,95.4,93,90.5,88,85.3,82.7,80.4,77.9,75.5,73.2,71.1,69
Cabo Verde,CPV,"Mortality rate, under-5 (per 1,000 live births)",SH.DYN.MORT,,,,,,,,,,186.5,171.7,157.9,145.5,134.3,124.2,115.4,107.8,101.4,96.2,92.1,89.1,87.1,85.4,83.9,82,79.4,76,72.2,68.4,65.1,62.7,61.3,60.5,60,59.2,57.4,54.2,50,45,39.9,35.5,31.9,29.3,27.7,26.7,26.3,26.2,26.2,26,25.7,25.1,24.3,23.3,22.2,21,19.7,18.5,17.4
Costa Rica,CRI,"Mortality rate, under-5 (per 1,000 live births)",SH.DYN.MORT,,,,,,89.8,85.3,81.9,80,79.1,76.8,71.6,64.6,57.9,52.2,46.4,40,33.9,29,25.7,23.7,22.9,22.9,23.1,23.2,22.8,21.7,20.1,18.6,17.6,16.8,16.2,15.7,15.3,14.9,14.7,14.8,14.8,14.5,13.8,12.9,12.2,11.7,11.2,10.8,10.5,10.4,10.4,10.4,10.2,10,9.9,9.8,9.7,9.5,9.4,9.2,9
Caribbean small states,CSS,"Mortality rate, under-5 (per 1,000 live births)",SH.DYN.MORT,,,,,,,,,,,,,,,,,,,,,,,,,,,,,,,35.79201355,34.88344828,33.9299282,33.07117338,32.20148361,31.35460299,30.55872268,29.8044448,29.07725711,28.41594891,27.76723861,27.22516009,26.71067527,26.2087316,25.80125834,25.39231292,25.03914083,24.66707426,24.16544214,23.72302208,23.21089964,22.61901233,22.03171428,21.40261788,20.81401851,20.16532614,19.52857216,18.89113422
Cuba,CUB,"Mortality rate, under-5 (per 1,000 live births)",SH.DYN.MORT,,,,47,45.9,45,44.8,45.1,45.3,44.8,43,39.8,35.9,32.5,30.5,29.1,27.3,24.7,22.3,20.8,20.1,19.9,19.7,19.5,19.1,18.4,17.4,16.4,15.2,14.2,13.2,12.4,11.7,11.2,10.9,10.7,10.4,9.8,9.1,8.5,8.1,7.8,7.7,7.7,7.5,7.2,6.9,6.6,6.4,6.2,6,5.9,5.8,5.7,5.7,5.6,5.5,5.4
Curacao,CUW,"Mortality rate, under-5 (per 1,000 live births)",SH.DYN.MORT,,,,,,,,,,,,,,,,,,,,,,,,,,,,,,,,,,,,,,,,,,,,,,,,,,,,,,,,,,
Cayman Islands,CYM,"Mortality rate, under-5 (per 1,000 live births)",SH.DYN.MORT,,,,,,,,,,,,,,,,,,,,,,,,,,,,,,,,,,,,,,,,,,,,,,,,,,,,,,,,,,
Cyprus,CYP,"Mortality rate, under-5 (per 1,000 live births)",SH.DYN.MORT,,,,,,,,,,,,,,,,,,,,22.4,20.8,19.2,17.6,16.1,14.7,13.5,12.5,11.9,11.5,11.3,11.1,10.8,10.5,10,9.6,9,8.5,8,7.5,7.1,6.6,6.2,5.8,5.5,5.1,4.8,4.6,4.3,4.1,3.8,3.6,3.5,3.3,3.1,3,2.9,2.8,2.7
Czech Republic,CZE,"Mortality rate, under-5 (per 1,000 live births)",SH.DYN.MORT,,,,,,,,,,,,,,,,,,,,,,15.4,15,14.6,14.4,14.2,13.9,13.4,12.9,12.5,12.2,11.7,11,10.2,9.4,8.5,7.7,7,6.3,5.8,5.5,5.2,5,4.8,4.6,4.4,4.1,3.9,3.7,3.5,3.4,3.3,3.2,3.1,3.1,3.1,3.2,3.3
Germany,DEU,"Mortality rate, under-5 (per 1,000 live births)",SH.DYN.MORT,,,,,,,,,27.2,26.4,25.6,24.9,24,23.1,22,20.8,19.5,18.3,17.1,16,15,14.1,13.2,12.5,11.8,11.1,10.6,10,9.5,9,8.5,8,7.6,7.2,6.8,6.5,6.2,5.9,5.7,5.5,5.4,5.2,5.1,5,4.9,4.7,4.6,4.5,4.4,4.3,4.2,4.1,4,4,3.9,3.9,3.8,3.7
Djibouti,DJI,"Mortality rate, under-5 (per 1,000 live births)",SH.DYN.MORT,,,,,,,,,,,,,,,,,172.9,167.9,163.3,158.7,154.4,150.3,146.2,142.1,138.1,134.2,130.7,127.3,124.1,121.2,118.6,116.4,114.6,113,111.7,110.5,109,107.4,105.6,103.7,101.5,99.3,96.8,94.3,91.7,89.3,86.7,84.1,81.5,79.1,76.7,74.4,72.2,70,67.8,65.7,63.7,61.7
Dominica,DMA,"Mortality rate, under-5 (per 1,000 live births)",SH.DYN.MORT,139.3,127.3,116.5,107,98.7,91.5,85.4,79.9,74.7,69.5,64,58,51.8,45.5,39.7,34.4,30,26.4,23.5,21.3,19.7,18.5,17.8,17.3,17.1,17,17,17,17.1,17.1,17.1,17.1,17.1,17,16.8,16.6,16.3,16.1,15.8,15.6,15.4,15.3,15.2,15.3,15.6,16,16.5,17.3,18.3,19.4,20.8,22.5,24.4,26.6,28.9,31.2,32.9,34
Denmark,DNK,"Mortality rate, under-5 (per 1,000 live births)",SH.DYN.MORT,25,24.4,23.8,23,22.1,21.1,20,19,18.2,17.3,16.6,15.8,14.9,13.9,13.1,12.3,11.6,11.1,10.6,10.3,10,9.7,9.6,9.6,9.6,9.7,9.7,9.7,9.6,9.3,8.9,8.4,7.9,7.4,6.9,6.5,6.2,6,5.8,5.6,5.5,5.4,5.3,5.2,5,4.8,4.6,4.5,4.3,4.2,4.1,4.1,4.1,4.1,4.2,4.2,4.3,4.3
Dominican Republic,DOM,"Mortality rate, under-5 (per 1,000 live births)",SH.DYN.MORT,147.2,145.9,144.2,142.1,139.8,137.2,134.5,131.7,128.8,125.9,122.9,119.6,116.1,112.3,108.4,104.4,100.6,96.9,93.4,90.1,86.9,83.8,80.8,77.9,75.2,72.5,69.9,67.4,64.9,62.5,60.1,57.8,55.5,53.2,51.1,49,47.1,45.3,43.7,42.3,41,39.9,39,38.1,37.4,36.8,36.3,35.8,35.3,34.8,34.3,33.9,33.5,32.9,32.3,31.6,30.8,29.9
Algeria,DZA,"Mortality rate, under-5 (per 1,000 live births)",SH.DYN.MORT,241.7,242.2,242.8,243.7,245,246.2,247,247.1,246.3,244,240,234.9,228.5,221,212.4,203.1,193.4,183.4,172.9,161.7,149.1,134.5,118.3,102,86.9,74.3,64.8,58.4,54,51.3,49.6,48.3,47.2,46.1,44.9,43.7,42.5,41.6,40.8,40.2,39.7,38.9,37.8,36.5,35,33.5,32.1,30.7,29.4,28.3,27.4,26.7,26.1,25.7,25.3,24.9,24.5,24
East Asia & Pacific (excluding high income),EAP,"Mortality rate, under-5 (per 1,000 live births)",SH.DYN.MORT,,,,,,,,,,,,,,,,,,,,,,,,,,,,,,,59.70201729,58.55811236,57.26015069,55.68069781,54.03068922,52.20987216,50.39041162,48.51884707,46.53543131,44.48675624,42.27074344,39.91751317,37.50799365,35.21377248,33.99367406,30.95767226,29.09583561,27.35319238,26.58970825,24.41960479,23.12039875,21.90268723,20.79241474,19.78093475,18.8810665,18.06312287,17.31164139,16.62576695
Early-demographic dividend,EAR,"Mortality rate, under-5 (per 1,000 live births)",SH.DYN.MORT,,,,,,,,,,,,,,,,,,,,,,,,,,,,,,,108.9861543,105.8561903,102.8954158,100.0338159,97.60611648,94.53003177,91.34560918,88.48876464,85.61735112,82.40774247,79.30088044,76.22086123,73.19930478,70.25860308,67.82126338,64.59076885,61.84923193,59.12678882,56.75518992,53.8567088,51.86985771,48.91493889,46.70151723,44.55182119,42.54302301,40.70380859,38.96672233,37.41085026
East Asia & Pacific,EAS,"Mortality rate, under-5 (per 1,000 live births)",SH.DYN.MORT,,,,,,,,,,,,,,,,,,,,,,,,,,,,,,,56.8,55.6,54.2,52.6,50.9,49.1,47.4,45.6,43.7,41.8,39.7,37.6,35.4,33.2,32.1,29.3,27.5,25.9,25.2,23.2,21.9,20.8,19.7,18.8,17.9,17.1,16.4,15.8
Europe & Central Asia (excluding high income),ECA,"Mortality rate, under-5 (per 1,000 live births)",SH.DYN.MORT,,,,,,,,,,,,,,,,,,,,,,,,,,,,,,,46.97373509,46.63913777,46.54670041,46.40107865,45.97992108,45.14392333,43.85411372,42.25696235,40.38777195,38.3430453,36.21771634,34.07857813,31.97864076,29.93806038,28.0429645,26.28367272,24.64611734,23.16274462,21.74856823,20.51221857,19.41564428,18.38673685,17.41152387,16.50574941,15.60747608,14.72280406,13.86841963,13.13674943
Europe & Central Asia,ECS,"Mortality rate, under-5 (per 1,000 live births)",SH.DYN.MORT,,,,,,,,,,,,,,,,,,,,,,,,,,,,,,,30.9,30.2,29.7,29.2,28.4,27.6,26.5,25.4,24.2,22.9,21.7,20.4,19.3,18.1,17.1,16.1,15.3,14.5,13.7,13.1,12.5,11.9,11.4,10.9,10.4,9.9,9.4,9
Ecuador,ECU,"Mortality rate, under-5 (per 1,000 live births)",SH.DYN.MORT,176.6,171.1,165.9,161.1,156.7,152.8,149.2,146,143.1,140.4,137.6,134.3,130.5,126.2,121.2,115.9,110.7,105.9,101.3,96.9,92.4,87.9,83.2,78.6,74.1,69.9,66.1,62.8,59.7,56.9,54.2,51.6,48.9,46.2,43.5,40.8,38.1,35.5,33.1,31,29.1,27.5,26.1,24.9,23.8,22.8,21.9,21,20.1,19.2,18.3,17.5,16.7,16.1,15.5,15.1,14.8,14.5
"Egypt, Arab Rep.",EGY,"Mortality rate, under-5 (per 1,000 live births)",SH.DYN.MORT,314.1,304.1,294.1,284.3,275.2,267.1,260.1,254.6,250.2,246.6,243.5,240,235.8,230.3,223.4,215,205.7,196,186.2,176.7,167.2,157.8,148.2,138.4,128.4,118.6,109.7,102.1,95.6,90.3,85.7,81.5,77.4,73.3,69,64.7,60.6,56.7,53.1,49.8,46.8,44.1,41.8,39.6,37.8,36.1,34.5,33,31.6,30.3,29,27.8,26.7,25.6,24.7,23.7,22.9,22.1
Euro area,EMU,"Mortality rate, under-5 (per 1,000 live births)",SH.DYN.MORT,,,,,,,,,,,,,,,,,,,,,,,,,,,,,,,9.598861292,9.177905468,8.750476294,8.253453344,7.779015928,7.30452313,6.871522794,6.523311755,6.238030144,6.009639019,5.809854928,5.583079713,5.409707505,5.187223079,5.004421137,4.82339913,4.65722881,4.529161488,4.392836621,4.307177886,4.178699907,4.097541248,3.997801662,3.944321216,3.868155167,3.852237804,3.790390523,3.750166947
Eritrea,ERI,"Mortality rate, under-5 (per 1,000 live births)",SH.DYN.MORT,,,,,,,,,,,,,,,212.1,207.7,203.5,199.7,196.2,193.1,190.2,187.2,184.4,181.4,178.2,174.7,170.9,166.7,161.9,156.6,150.8,144.5,137.5,130.5,123.4,116.5,110,104,98.4,93.1,88.4,84,79.8,75.9,72.4,69,65.9,62.9,60,57.6,55.3,53.2,51.3,49.4,47.6,46.1,44.5,43.1
Spain,ESP,"Mortality rate, under-5 (per 1,000 live births)",SH.DYN.MORT,46.3,43,40.2,37.8,35.8,34,32.3,30.6,28.7,26.5,24.2,22.1,20.5,19.5,19.2,19.4,19.6,19,17.7,16.3,14.9,13.7,12.9,12.2,11.7,11.2,10.7,10.3,9.9,9.5,9.2,8.8,8.4,7.9,7.4,6.9,6.4,6.1,5.8,5.6,5.4,5.3,5.2,5,4.9,4.7,4.5,4.4,4.2,4,3.8,3.7,3.6,3.5,3.3,3.2,3.1,3.1
Estonia,EST,"Mortality rate, under-5 (per 1,000 live births)",SH.DYN.MORT,,,,,,,,,,,,,,,,,,,,,22.5,21.6,20.9,20.1,19.5,19,18.6,18.3,18,17.9,17.7,17.6,17.4,17,16.5,15.7,14.9,13.9,12.9,12,11,10.1,9.3,8.5,7.8,7.1,6.5,5.9,5.4,5,4.5,4.2,3.9,3.6,3.3,3.1,2.9,2.7
Ethiopia,ETH,"Mortality rate, under-5 (per 1,000 live births)",SH.DYN.MORT,,,,,,,243,242.7,242.4,242.5,242.6,242.6,242.7,242.5,242.3,242.3,242.3,242.1,241.6,240.6,238.9,236.6,233.5,229.8,225.8,221.8,217.8,214,210.2,206.3,202,197.4,192.1,186.3,179.9,173.2,166.6,160.3,154.3,148.4,142.6,136.6,130.4,124,117.5,111,104.9,99,93.5,88.4,83.7,79.2,75.1,71.2,67.5,64.2,61.2,58.5
European Union,EUU,"Mortality rate, under-5 (per 1,000 live births)",SH.DYN.MORT,,,,,,,,,,,,,,,,,,,,,,,,,,,,,,,11.85210504,11.28373109,10.7365532,10.14925175,9.604244555,9.076618103,8.577625288,8.140696373,7.732905775,7.384329813,7.083357689,6.806166177,6.586797985,6.35812655,6.135274199,5.888337674,5.637398846,5.420919606,5.200004332,5.023375908,4.849740801,4.714825577,4.580434994,4.462805565,4.34768127,4.284453479,4.185288212,4.096864516
Fragile and conflict affected situations,FCS,"Mortality rate, under-5 (per 1,000 live births)",SH.DYN.MORT,,,,,,,,,,,,,,,,,,,,,,,,,,,,,,,149.5070646,147.4709848,145.513759,143.6462576,141.7429822,139.7429849,137.5426644,135.0387807,132.1839706,129.1117502,125.8006663,122.3281583,118.8148582,115.2092468,111.6556499,108.1148366,104.6564885,101.1278528,99.01526325,94.20053488,93.2380501,87.94447177,85.06037873,82.32083345,79.78415762,77.35912763,75.04805074,72.86363547
Finland,FIN,"Mortality rate, under-5 (per 1,000 live births)",SH.DYN.MORT,26.8,25.2,23.8,22.5,21.3,20.2,19.3,18.4,17.6,16.8,16.1,15.4,14.6,13.8,13,12.2,11.4,10.6,9.9,9.2,8.7,8.2,7.9,7.6,7.5,7.3,7.3,7.2,7.1,6.9,6.7,6.4,6.1,5.8,5.5,5.2,4.9,4.7,4.6,4.4,4.3,4.2,4.1,4,3.9,3.7,3.6,3.5,3.3,3.2,3,2.9,2.8,2.6,2.5,2.4,2.3,2.3
Fiji,FJI,"Mortality rate, under-5 (per 1,000 live births)",SH.DYN.MORT,76.8,73.4,70.5,67.9,65.6,63.5,61.7,60.2,59,58,57.3,56.7,56.2,55.6,54.9,53.8,52.4,50.7,48.7,46.6,44.3,42.1,40.1,38.3,36.7,35.2,33.8,32.6,31.4,30.2,29.1,28.1,27.1,26.2,25.5,24.9,24.4,23.9,23.6,23.2,22.9,22.7,22.5,22.6,22.8,23.1,23.4,23.7,23.9,24,24,24,24,24.1,24.3,24.6,25,25.3
France,FRA,"Mortality rate, under-5 (per 1,000 live births)",SH.DYN.MORT,28.5,27,25.7,24.5,23.3,22.3,21.4,20.6,19.9,19.1,18.2,17.4,16.6,16,15.4,14.9,14.4,13.9,13.4,12.8,12.4,11.9,11.5,11.1,10.7,10.4,10.1,9.8,9.6,9.3,9,8.6,8.1,7.5,7,6.5,6.1,5.8,5.6,5.5,5.4,5.2,5.1,4.9,4.7,4.6,4.5,4.4,4.3,4.3,4.2,4.2,4.1,4.1,4.1,4.2,4.2,4.2
Faroe Islands,FRO,"Mortality rate, under-5 (per 1,000 live births)",SH.DYN.MORT,,,,,,,,,,,,,,,,,,,,,,,,,,,,,,,,,,,,,,,,,,,,,,,,,,,,,,,,,,
"Micronesia, Fed. Sts.",FSM,"Mortality rate, under-5 (per 1,000 live births)",SH.DYN.MORT,,,,,,,,,,,,,,,,,,,,,,56.7,57.5,58.1,58.5,58.5,58.1,57.5,56.6,55.8,55.1,54.7,54.6,54.6,54.9,55.1,55.4,55.5,55.2,54.5,53.5,52.4,51.1,49.8,48.4,47,45.6,44.2,42.7,41.4,40.2,38.9,37.7,36.5,35.3,34.2,33.1,32.2
Gabon,GAB,"Mortality rate, under-5 (per 1,000 live births)",SH.DYN.MORT,,,,,,,,,,,,,,,,,,,125.6,121.2,117,112.8,109.2,105.6,102.6,100,97.7,96,94.5,93.4,92.4,91.4,90.7,89.9,89.1,88.4,87.5,86.6,85.6,84.4,83.1,81.6,80,78.3,76.5,74.5,72.7,70.5,68.2,65.6,63.3,61.2,59,56.9,54.6,52.5,50.1,48.3
United Kingdom,GBR,"Mortality rate, under-5 (per 1,000 live births)",SH.DYN.MORT,26.6,26.1,25.6,24.9,24.2,23.4,22.8,22.2,21.8,21.4,21,20.6,20,19.4,18.7,18,17.2,16.5,15.7,14.9,14.1,13.4,12.7,12.2,11.7,11.4,11.1,10.8,10.4,9.9,9.3,8.7,8.2,7.7,7.4,7.2,7,6.9,6.8,6.7,6.5,6.4,6.3,6.3,6.2,6,5.9,5.8,5.6,5.4,5.2,5,4.8,4.6,4.5,4.5,4.4,4.3
Georgia,GEO,"Mortality rate, under-5 (per 1,000 live births)",SH.DYN.MORT,,,,,,,,,,,,,,,,68,66,64.1,62,60.1,58.2,56.6,54.9,53.4,52.1,51,50,49.3,48.7,48.2,47.7,47.1,46.6,45.9,45,44,42.7,41.2,39.5,37.5,35.4,33.1,30.9,28.7,26.5,24.4,22.5,20.8,19.2,17.8,16.6,15.5,14.5,13.6,12.8,12.1,11.4,10.8
Ghana,GHA,"Mortality rate, under-5 (per 1,000 live births)",SH.DYN.MORT,209.4,207,205.2,203.8,202.8,202.5,202.5,202.7,202.8,202.6,201.9,200.6,198.3,195.2,190.8,185.8,180.7,175.7,171.4,168.1,165.8,164.2,162.7,160.9,158,154,149.1,143.4,137.4,131.7,126.5,122.1,118.7,116,114,112.2,110.3,108.1,105.5,102.5,99.2,95.9,92.8,90.1,87.8,85.7,83.7,81.5,78.9,75.9,72.4,68.9,65.2,61.5,58,54.7,51.8,49.3
Gibraltar,GIB,"Mortality rate, under-5 (per 1,000 live births)",SH.DYN.MORT,,,,,,,,,,,,,,,,,,,,,,,,,,,,,,,,,,,,,,,,,,,,,,,,,,,,,,,,,,
Guinea,GIN,"Mortality rate, under-5 (per 1,000 live births)",SH.DYN.MORT,,,,,,,334.6,331.8,328.7,325.6,322.5,319.2,316,312.6,309.1,305.1,300.9,296.4,291.8,286.9,282,277.2,272.5,268,263.4,258.7,254.2,249.7,244.9,239.9,234.6,228.7,222.5,215.9,209.1,202,195,187.8,180.5,173,165.4,157.8,150.4,143.5,137.1,131.4,126.1,121.3,116.8,112.7,108.8,105.1,101.6,98.2,94.9,91.7,88.7,85.7
"Gambia, The",GMB,"Mortality rate, under-5 (per 1,000 live births)",SH.DYN.MORT,360.6,354.1,348,341.9,335.8,329.8,324.1,318.1,312.2,306.5,300.4,294,287.9,281.6,275,268.5,261.8,255.5,249.4,243.5,237.3,231,224.6,217.7,210.8,203.8,196.6,189.6,182.9,176.4,170.1,164.1,158.1,152.6,147.2,142,136.9,132.1,127.5,122.9,118.4,114,109.7,105.5,101.4,97.5,93.7,90.1,86.9,83.8,80.8,78,75.3,72.8,70.2,67.9,65.8,63.6
Guinea-Bissau,GNB,"Mortality rate, under-5 (per 1,000 live births)",SH.DYN.MORT,,,,,,,,,,,,,,,,,,,,,,,,,,244.5,240,236,232,228,223.9,219.7,215.2,210.8,206.2,201.3,196.4,191.4,186.2,181.1,175.8,170.2,164.3,158.2,151.9,145.5,139,132.4,126,119.8,113.8,108.2,103,98.4,94.5,90.7,87.4,84.2
Equatorial Guinea,GNQ,"Mortality rate, under-5 (per 1,000 live births)",SH.DYN.MORT,,,,,,,,,,,,,,,,,,,,,,,199,195.2,191.3,188.1,185.4,183.1,181.5,180,178.7,177.2,175.9,174.7,173.3,171.8,169.8,167.2,164.1,160.5,156.4,152.4,148,143.7,139.3,134.8,130.4,126,121.6,117.3,113.5,109.8,106.4,102.8,99.3,96,92.8,89.6
Greece,GRC,"Mortality rate, under-5 (per 1,000 live births)",SH.DYN.MORT,46.5,45.3,43.9,42.4,41.1,39.8,38.6,37.2,35.6,33.5,31.3,29.4,28.2,27.6,27.1,26.2,25.1,23.8,22.4,20.9,19.5,18.2,17.1,16.2,15.4,14.6,13.7,12.8,11.9,11.1,10.4,9.9,9.5,9.1,8.8,8.5,8.1,7.7,7.3,6.9,6.4,6,5.6,5.2,4.9,4.6,4.3,4.1,4,3.9,3.9,3.9,4,4.2,4.4,4.8,5.1,5.3
Grenada,GRD,"Mortality rate, under-5 (per 1,000 live births)",SH.DYN.MORT,,,,,,,,,,,,,,,,,,,,,,,,,27.4,27,26.5,25.9,25.2,24.4,23.4,22.3,21.2,20.2,19.2,18.4,17.8,17.2,16.7,16.2,15.7,15.3,14.9,14.6,14.4,14.1,14,13.9,14,14.1,14.3,14.6,15,15.4,15.9,16.3,16.6,16.7
Greenland,GRL,"Mortality rate, under-5 (per 1,000 live births)",SH.DYN.MORT,,,,,,,,,,,,,,,,,,,,,,,,,,,,,,,,,,,,,,,,,,,,,,,,,,,,,,,,,,
Guatemala,GTM,"Mortality rate, under-5 (per 1,000 live births)",SH.DYN.MORT,219.6,215,210.4,205.8,201.2,196.6,192,187.4,182.6,177.7,172.7,167.7,162.6,157.6,152.6,147.7,142.8,138,133.3,128.7,124,119.5,115,110.5,106.1,101.8,97.6,93.4,89.2,85.3,81.4,77.6,74,70.6,67.3,64.3,61.4,58.8,56.3,54,51.9,49.8,47.9,46.1,44.3,42.6,41.1,39.6,38.1,36.7,35.4,34.1,32.9,31.7,30.6,29.6,28.6,27.6
Guam,GUM,"Mortality rate, under-5 (per 1,000 live births)",SH.DYN.MORT,,,,,,,,,,,,,,,,,,,,,,,,,,,,,,,,,,,,,,,,,,,,,,,,,,,,,,,,,,
Guyana,GUY,"Mortality rate, under-5 (per 1,000 live births)",SH.DYN.MORT,91.4,87.6,84.2,81.5,79.3,77.5,76.1,75,74.2,73.6,73.2,73,72.8,72.7,72.5,72.3,72.1,71.6,71.1,70.6,70,69.3,68.8,68.1,67.3,66.6,65.6,64.6,63.3,61.9,60.5,59,57.4,55.8,54.3,52.9,51.6,50.3,49.1,47.9,46.7,45.5,44.5,43.4,42.5,41.6,40.8,39.9,39.1,38.3,37.6,36.8,36,35.1,34.3,33.3,32.3,31.3
High income,HIC,"Mortality rate, under-5 (per 1,000 live births)",SH.DYN.MORT,,,,,,,,,,,,,,,,,,,,,,,,,,,,,,,13.4,12.8,12.2,11.6,11,10.5,10,9.6,9.2,8.9,8.6,8.3,8.1,7.8,7.6,7.4,7.2,7,6.8,6.7,6.5,6.3,6.1,6,5.8,5.7,5.6,5.4
"Hong Kong SAR, China",HKG,"Mortality rate, under-5 (per 1,000 live births)",SH.DYN.MORT,,,,,,,,,,,,,,,,,,,,,,,,,,,,,,,,,,,,,,,,,,,,,,,,,,,,,,,,,,
Honduras,HND,"Mortality rate, under-5 (per 1,000 live births)",SH.DYN.MORT,208.8,202,195.3,188.7,182.4,176.2,170.1,164.1,158.2,152.3,146.7,141,135.4,129.9,124.7,119.4,114.3,109.3,104.4,99.6,95,90.5,86.1,82,78,74.2,70.6,67.2,64,61,58.2,55.5,53.1,50.8,48.6,46.6,44.6,42.7,59.2,39.2,37.4,35.7,34.1,32.5,31.1,29.6,28.3,27,25.9,24.7,23.7,22.7,21.9,21,20.3,19.6,18.9,18.2
Heavily indebted poor countries (HIPC),HPC,"Mortality rate, under-5 (per 1,000 live births)",SH.DYN.MORT,,,,,,,,,,,,,,,,,,,,,,,,,,,,,,,181.732129,178.9657285,176.1767414,173.5220292,172.0381473,168.0848898,163.7510761,160.4305826,156.9166847,151.772521,146.8017621,141.3683007,135.6476046,129.8357369,124.1264313,118.5798194,113.4105896,108.4895957,103.7440153,99.27941411,96.40336365,90.85073205,86.85445205,83.21177557,79.83873208,76.57666092,73.58451051,70.88979283
Croatia,HRV,"Mortality rate, under-5 (per 1,000 live births)",SH.DYN.MORT,,,,,,,,,,,,,,,,,,,,,,23.6,22.2,20.8,19.5,18.2,17,15.8,14.7,13.7,12.8,12.1,11.4,10.9,10.4,10,9.6,9.3,8.9,8.6,8.3,8,7.7,7.4,7,6.7,6.4,6.2,5.9,5.7,5.5,5.3,5.2,5,4.9,4.8,4.7,4.6
Haiti,HTI,"Mortality rate, under-5 (per 1,000 live births)",SH.DYN.MORT,284.2,279.7,275.7,271.4,267.3,263.1,258.8,254.2,249.7,245,240.2,235.2,230.2,225.1,219.8,214.5,209.2,204,198.8,193.7,188.8,184.1,179.4,174.6,170.1,165.5,161.2,157,152.9,148.9,144.8,140.7,136.7,132.5,128.3,124.1,119.9,115.7,111.6,107.7,104,100.6,97.6,94.8,92.4,90.3,88.4,86.6,85,83.5,210.9,80.6,79.3,77.9,76.5,75,73.4,71.7
Hungary,HUN,"Mortality rate, under-5 (per 1,000 live births)",SH.DYN.MORT,53.6,51.3,49.6,47.8,46,44.4,43.2,42.1,40.9,39.8,38.9,38.3,38.1,38.2,37.8,35.9,32.5,29.1,26.7,25.2,23.9,22.6,21.8,21.8,22.1,21.8,20.8,19.5,18.5,17.8,17.3,16.6,15.7,14.5,13.4,12.5,11.9,11.5,11.1,10.7,10.1,9.5,8.9,8.4,7.9,7.5,7.2,6.9,6.5,6.2,6,5.9,5.7,5.6,5.4,5.1,4.8,4.5
IBRD only,IBD,"Mortality rate, under-5 (per 1,000 live births)",SH.DYN.MORT,,,,,,,,,,,,,,,,,,,,,,,,,,,,,,,78.03663007,76.40807303,74.81664055,73.10819876,71.36726541,69.46709239,67.47598518,65.38172438,63.17037565,60.9360684,58.54239488,56.09927701,53.64381917,51.2146786,49.21029122,46.40139199,44.0455434,41.71527658,39.46373559,37.29849465,35.2691604,33.29456113,31.54623993,29.9078641,28.42812527,27.1082462,25.91469408,24.80164712
IDA & IBRD total,IBT,"Mortality rate, under-5 (per 1,000 live births)",SH.DYN.MORT,,,,,,,,,,,,,,,,,,,,,,,,,,,,,,,101.7146894,100.4860009,99.34244764,98.13795135,97.0554807,95.41488234,93.53591743,91.62427183,89.48747635,86.9504356,84.23878733,81.33404998,78.32284079,75.28645793,72.53512956,69.28528274,66.40536512,63.58390615,61.01658596,58.21801078,56.01916046,53.36007739,51.15797579,49.11582559,47.25421261,45.51978925,43.9436568,42.49706432
IDA total,IDA,"Mortality rate, under-5 (per 1,000 live births)",SH.DYN.MORT,,,,,,,,,,,,,,,,,,,,,,,,,,,,,,,162.4060099,160.1413954,157.9302658,155.765544,154.1219859,151.1789692,147.9127623,144.9759678,141.7828581,137.6375799,133.4722088,128.9865945,124.3199703,119.5968684,114.947245,110.3859921,106.071095,101.9082369,98.33982703,94.01838989,91.10720029,86.87548804,83.49832172,80.36743483,77.45379059,74.61559726,71.98809184,69.57187792
IDA blend,IDB,"Mortality rate, under-5 (per 1,000 live births)",SH.DYN.MORT,,,,,,,,,,,,,,,,,,,,,,,,,,,,,,,154.2633086,153.8210192,153.4788452,153.0055319,152.4486272,151.5146229,150.1735545,148.2979657,145.8999247,143.0440584,139.8723434,136.3215023,132.5706775,128.6805558,124.7039648,120.6579994,116.681153,112.7390109,108.8198123,104.9969008,101.4186344,97.99114158,94.55359754,91.30349052,88.25360398,85.21196252,82.40233975,79.77097769
Indonesia,IDN,"Mortality rate, under-5 (per 1,000 live births)",SH.DYN.MORT,222.5,216.6,210.9,205.3,199.6,194,188.2,182.4,176.5,170.7,165,159.6,154.3,149.3,144.5,139.9,135.6,131.6,127.7,123.9,120.3,116.7,113.1,109.5,106,102.4,98.8,95.2,91.5,87.8,84,80.2,76.5,72.9,69.5,66.2,63,60.1,57.2,54.6,52.1,49.7,47.4,45.3,49.3,41.4,39.7,37.9,36.3,34.8,33.2,31.8,30.6,29.4,28.3,27.2,26.3,25.4
IDA only,IDX,"Mortality rate, under-5 (per 1,000 live births)",SH.DYN.MORT,,,,,,,,,,,,,,,,,,,,,,,,,,,,,,,166.4596116,163.2773424,160.1294131,157.1226437,154.9408058,151.0155255,146.8174261,143.3748132,139.808589,135.0568449,130.4273536,125.5017499,120.3962031,115.2624232,110.2657134,105.4204571,100.8967642,96.57671168,93.13407187,88.52012045,85.90784452,81.24250272,77.87774523,74.79877736,71.95496672,69.22905826,66.70955146,64.42197442
Isle of Man,IMN,"Mortality rate, under-5 (per 1,000 live births)",SH.DYN.MORT,,,,,,,,,,,,,,,,,,,,,,,,,,,,,,,,,,,,,,,,,,,,,,,,,,,,,,,,,,
India,IND,"Mortality rate, under-5 (per 1,000 live births)",SH.DYN.MORT,242,238.4,235,231.8,228.9,226.2,223.5,220.9,218.2,215.4,212.5,209.3,205.9,202.3,198.2,193.7,188.9,183.7,178.3,172.8,167.5,162.5,157.8,153.4,149.3,145.4,141.5,137.6,133.6,129.7,126,122.5,119.2,115.9,112.7,109.4,106,102.5,98.9,95.3,91.7,88.1,84.6,81.2,77.8,74.5,71.2,68,64.7,61.6,58.4,55.3,52.4,49.5,46.7,44.1,41.6,39.4
Not classified,INX,"Mortality rate, under-5 (per 1,000 live births)",SH.DYN.MORT,,,,,,,,,,,,,,,,,,,,,,,,,,,,,,,,,,,,,,,,,,,,,,,,,,,,,,,,,,
Ireland,IRL,"Mortality rate, under-5 (per 1,000 live births)",SH.DYN.MORT,35.2,33.8,32.5,31.3,30.1,28.7,27.1,25.5,24.1,23,22.2,21.8,21.4,21.1,20.6,20,19.1,18.1,16.9,15.5,14.3,13.2,12.4,11.7,11.1,10.7,10.4,10.2,9.9,9.6,9.2,8.6,8.1,7.7,7.4,7.3,7.3,7.3,7.3,7.3,7.2,6.9,6.5,6,5.6,5.2,4.8,4.6,4.4,4.3,4.2,4.1,4,3.9,3.8,3.7,3.6,3.5
"Iran, Islamic Rep.",IRN,"Mortality rate, under-5 (per 1,000 live births)",SH.DYN.MORT,,,,,,,,,,,,185.9,177.2,168.7,160.1,151.5,142.7,133.7,124.5,115.5,106.9,98.8,91.6,85.4,79.9,75.1,70.7,66.6,62.8,59.3,56.1,53.3,50.7,48.4,46.3,44.3,42.3,40.3,38.2,36.2,34.2,32.4,30.6,28.9,27.3,25.8,24.4,23.1,21.8,20.6,19.6,18.8,18,17.3,16.6,16,15.5,14.9
Iraq,IRQ,"Mortality rate, under-5 (per 1,000 live births)",SH.DYN.MORT,191.6,180.6,170.6,161.3,152.9,145.1,137.8,131.1,124.8,118.9,113.4,108.3,103.4,98.7,94.2,89.9,85.8,82.1,78.6,75.4,72.5,69.8,67.4,65.1,63,61.1,59.3,57.7,56.3,55,53.9,52.9,51.9,51,50.1,49.2,48.4,47.5,46.6,45.7,44.9,44,43.3,42.5,41.8,41.1,40.3,39.5,38.6,37.8,36.9,36,35.1,34.1,33.2,32.3,31.3,30.4
Iceland,ISL,"Mortality rate, under-5 (per 1,000 live births)",SH.DYN.MORT,21.4,21.1,20.7,20.2,19.7,19.1,18.4,17.8,17.1,16.5,15.9,15.3,14.7,14.1,13.6,12.9,12.3,11.6,11,10.3,9.7,9.2,8.7,8.2,7.9,7.5,7.2,7,6.7,6.5,6.3,6.1,5.9,5.7,5.5,5.3,5,4.8,4.6,4.4,4.1,3.9,3.7,3.5,3.4,3.2,3.1,3,2.9,2.8,2.7,2.6,2.5,2.4,2.3,2.3,2.2,2.1
Israel,ISR,"Mortality rate, under-5 (per 1,000 live births)",SH.DYN.MORT,,,,,,,,,,,,,,,29,26.2,23.7,21.8,20.2,19,18.1,17.3,16.6,15.9,15.2,14.4,13.7,13.1,12.5,12.1,11.6,11.1,10.5,9.8,9.2,8.7,8.2,7.8,7.5,7.2,6.9,6.6,6.4,6.1,5.8,5.6,5.3,5.1,4.9,4.7,4.6,4.4,4.2,4.1,4,3.8,3.7,3.6
Italy,ITA,"Mortality rate, under-5 (per 1,000 live births)",SH.DYN.MORT,52,49.8,47.6,45.3,43.2,41.1,39.3,37.8,36.4,35.1,33.6,31.8,29.8,27.6,25.3,23.1,21.1,19.5,18.1,17,16.1,15.2,14.3,13.5,12.7,12,11.4,10.8,10.4,10,9.7,9.3,8.9,8.4,8,7.5,7,6.6,6.2,5.9,5.6,5.3,5.1,4.8,4.6,4.5,4.3,4.2,4.1,4.1,4,3.9,3.8,3.7,3.6,3.5,3.4,3.4
Jamaica,JAM,"Mortality rate, under-5 (per 1,000 live births)",SH.DYN.MORT,82.4,78.9,75.7,72.7,70.1,67.6,65.3,63.1,61,59,56.9,54.9,52.8,50.9,49.1,47.5,46,44.7,43.4,42.1,40.9,39.7,38.6,37.5,36.5,35.4,34.4,33.4,32.5,31.5,30.6,29.7,28.7,27.9,27,26.1,25.3,24.5,23.7,23,22.3,21.8,21.3,20.8,20.5,20.2,20,19.8,19.4,19.1,18.7,18.2,17.7,17.2,16.7,16.2,15.7,15.2
Jordan,JOR,"Mortality rate, under-5 (per 1,000 live births)",SH.DYN.MORT,155.4,146.2,137.8,129.8,122.5,115.8,109.6,103.9,98.6,93.6,89.1,84.7,80.7,76.8,73.2,69.8,66.6,63.5,60.6,57.9,55.3,52.8,50.5,48.3,46.2,44.2,42.3,40.6,39,37.6,36.4,35.2,34.2,33.2,32.3,31.5,30.7,30,29.2,28.5,27.8,27.1,26.4,25.7,25,24.3,23.6,23,22.3,21.7,21.1,20.5,19.9,19.2,18.7,18.1,17.6,17
Japan,JPN,"Mortality rate, under-5 (per 1,000 live births)",SH.DYN.MORT,39.7,36.2,32.9,29.8,27,24.6,22.6,21,19.6,18.5,17.5,16.5,15.7,14.9,14.1,13.3,12.5,11.8,11.1,10.5,9.9,9.3,8.8,8.3,7.9,7.5,7.1,6.8,6.6,6.5,6.3,6.2,6.1,6,5.9,5.7,5.5,5.2,5,4.7,4.5,4.3,4.1,4,3.9,3.7,3.6,3.5,3.4,3.3,3.2,3.4,3,2.9,2.8,3,2.7,2.6
Kazakhstan,KAZ,"Mortality rate, under-5 (per 1,000 live births)",SH.DYN.MORT,,,,,,,,,,,,84.8,82.9,81,79.3,77.9,76.4,75.1,73.6,72,70.1,68,65.8,63.6,61.4,59.4,57.5,55.7,54.3,53.2,52.5,52.4,52.6,52.9,53,52.8,51.8,50.1,47.9,45.5,43,40.6,38.2,35.9,33.7,31.5,29.3,27.1,24.8,22.6,20.4,18.3,16.4,14.7,13.2,12,10.9,10
Kenya,KEN,"Mortality rate, under-5 (per 1,000 live births)",SH.DYN.MORT,196.9,188.6,181.3,174.9,169.7,165.6,162.4,159.4,156.4,153.2,150,146.6,142.9,139.1,135,130.7,126.2,121.7,117.1,112.7,109.5,106,102.9,100.5,98.6,97.4,97.1,97.6,99,101.1,103.7,106.5,109.2,111.4,113.1,113.9,114,113.1,111.1,108.2,104.5,100,95.1,89.9,84.7,79.2,74.3,69.9,65.4,61.1,58.4,56.3,54.4,52.3,50.5,48.7,47.1,45.6
Kyrgyz Republic,KGZ,"Mortality rate, under-5 (per 1,000 live births)",SH.DYN.MORT,,,,,,,,,,,,,,,,111.7,108.8,105.8,102.7,99.5,96.1,92.6,88.9,85.1,81.5,77.9,74.5,71.5,69,67,65.8,65.1,64.5,63.6,62.4,60.6,58.5,56.2,54,51.7,49.5,47.3,45.2,43.2,41.3,39.5,37.7,35.8,33.7,31.6,29.6,27.8,26.2,24.8,23.5,22.3,21.1,20
Cambodia,KHM,"Mortality rate, under-5 (per 1,000 live births)",SH.DYN.MORT,,,,,,,,,,,,,,,,306.1,282.5,258.4,231.7,204.4,178.7,156.3,139.1,128.3,122.4,119.1,117.2,116.4,116,116,115.9,115.9,116.3,117.2,118.6,119.8,120.4,119.8,118.1,114,107,97.4,87.3,78.5,71.3,65.3,60.4,56,51.9,48.1,44.4,41.1,38.1,35.7,33.6,32,30.6,29.2
Kiribati,KIR,"Mortality rate, under-5 (per 1,000 live births)",SH.DYN.MORT,,,,177.7,170.9,164.3,158.2,152.5,147.3,142.2,137.7,133.8,130.4,127.7,125.7,124.3,123,122.3,121.8,121.5,121.1,120.6,119.9,118.7,117.1,114.8,111.7,108.1,104.1,99.8,95.7,91.9,88.7,85.9,83.6,81.4,79.4,77.5,75.4,73.2,71.2,69.4,67.9,66.8,66.3,66.2,66.3,66.4,66.3,65.8,64.9,63.7,62.3,60.9,59.3,57.8,56.2,54.6
St. Kitts and Nevis,KNA,"Mortality rate, under-5 (per 1,000 live births)",SH.DYN.MORT,,,,,,,,,,,70.2,68.1,66,64.1,62.3,60.6,59,57.3,55.5,53.5,51.2,48.7,46,43.4,40.9,38.7,36.7,35,33.6,32.5,31.6,30.8,30.3,29.7,29.2,28.5,27.6,26.5,25.3,23.9,22.5,21.1,19.8,18.7,17.6,16.7,15.9,15.3,14.8,14.4,14.2,14,13.9,13.9,13.9,13.9,13.8,13.7
"Korea, Rep.",KOR,"Mortality rate, under-5 (per 1,000 live births)",SH.DYN.MORT,111.4,106,101.1,96.4,91.6,86.7,81.4,76.2,70.9,65.8,61.2,57,53.4,50.4,47.9,45.7,43.8,42,40.1,38.1,36,33.7,31.4,29,26.7,24.4,22.2,20.2,18.4,16.8,15.5,14.2,13.1,12.1,11.2,10.4,9.6,9,8.4,7.9,7.5,7.1,6.7,6.3,5.9,5.5,5.2,4.8,4.5,4.3,4.1,4,3.8,3.7,3.6,3.5,3.4,3.3
Kuwait,KWT,"Mortality rate, under-5 (per 1,000 live births)",SH.DYN.MORT,140,131,122.2,113.9,105.9,98.3,91.5,85.3,79.7,74.7,70.1,65.9,62,58.3,54.7,51.4,48.1,45,42,39.1,36.2,33.1,30.1,27.4,25,23.1,21.7,20.6,19.7,18.6,17.6,19.4,16,15.4,15,14.6,14.2,13.8,13.4,13,12.7,12.5,12.3,12.2,12,11.8,11.6,11.5,11.3,11.1,10.8,10.4,10,9.5,9.1,8.8,8.4,8.1
Latin America & Caribbean (excluding high income),LAC,"Mortality rate, under-5 (per 1,000 live births)",SH.DYN.MORT,,,,,,,,,,,,,,,,,,,,,,,,,,,,,,,57.92411872,55.40880238,52.86131394,50.34377768,47.87882373,45.42356388,43.04079995,40.75745847,38.99711842,36.7507506,34.56764693,32.76627534,31.13258753,29.5810558,28.15258767,26.82375276,25.6350152,24.53687558,23.57228383,22.66435048,25.39362781,21.1588406,20.57232487,20.005054,19.54658664,19.1502465,19.144139,18.54668829
Lao PDR,LAO,"Mortality rate, under-5 (per 1,000 live births)",SH.DYN.MORT,,,,,,,,,,,,,,,,,,,214.4,208.7,203.3,198,192.8,187.9,183,178,173.3,168.6,163.9,159,154.2,149.3,144.6,140,135.5,131.3,127.2,123.3,119.6,116,112.6,109.1,105.7,102.4,99.1,95.9,92.6,89.4,86.3,83.3,80.4,77.7,75,72.5,70.1,67.9,65.6,63.4
Lebanon,LBN,"Mortality rate, under-5 (per 1,000 live births)",SH.DYN.MORT,75.9,73.7,71.7,69.7,68.1,66.5,65.2,64.1,63,62.2,61.4,60.6,59.9,59,58.1,57.2,56,54.7,53.3,51.7,50.1,48.5,46.7,44.9,43,41.1,39.3,37.4,35.7,34,32.4,30.9,29.5,28.2,27,25.8,24.6,23.4,22.3,21.1,20,18.8,17.6,16.5,15.3,14.2,13.1,12.2,11.4,10.8,10.3,9.8,9.4,9,8.7,8.4,8.1,7.8
Liberia,LBR,"Mortality rate, under-5 (per 1,000 live births)",SH.DYN.MORT,311.7,311.9,311.6,310.5,308.9,306.7,303.6,299.9,295.2,290.1,284.9,280.1,275.5,271.1,266.3,261.5,257.2,253.3,249.3,245.9,242.5,239.7,237.4,236.2,236.1,237.7,241,245.6,251.1,256.3,260.5,262.3,261.4,257.7,251.5,243.2,233.6,222.8,211,198.7,186.1,173.4,161,149.1,138,128.3,119.9,113,107.1,102.1,97.5,93.4,89.7,86.3,83,80.1,77.4,74.7
Libya,LBY,"Mortality rate, under-5 (per 1,000 live births)",SH.DYN.MORT,279.6,261.6,244.3,227.8,212.5,197.8,184,170.7,158.5,146.8,135.9,125.8,116.9,108.8,101.5,94.9,88.9,83.6,78.9,74.6,70.7,67.1,63.8,60.6,57.5,54.6,51.8,49.1,46.5,44,41.8,39.7,37.7,36,34.5,33.1,31.9,30.8,29.8,28.9,28.1,27.3,26.4,25.5,24.4,23.1,21.7,20.2,18.8,17.6,16.6,17.6,15,14.4,13.8,13.3,12.8,12.4
St. Lucia,LCA,"Mortality rate, under-5 (per 1,000 live births)",SH.DYN.MORT,,,,,,,,,,,76.6,69.5,62.9,56.7,51.1,46.1,41.8,38.2,35.4,33.1,31.2,29.7,28.5,27.5,26.5,25.7,24.8,24.1,23.4,22.8,22.3,21.9,21.4,20.9,20.4,19.9,19.4,19,18.6,18.3,18.1,18,18,18.1,18.2,18.3,18.4,18.5,18.5,18.5,18.4,18.3,18.1,17.9,17.6,17.3,17,16.6
Latin America & Caribbean,LCN,"Mortality rate, under-5 (per 1,000 live births)",SH.DYN.MORT,,,,,,,,,,,,,,,,,,,,,,,,,,,,,,,54.8,52.5,50.1,47.7,45.4,43.1,40.9,38.8,37.1,35,33,31.3,29.7,28.2,26.9,25.7,24.6,23.5,22.6,21.8,24.4,20.3,19.7,19.2,18.7,18.3,18.3,17.7
Least developed countries: UN classification,LDC,"Mortality rate, under-5 (per 1,000 live births)",SH.DYN.MORT,,,,,,,,,,,,,,,,,,,,,,,,,,,,,,,175.298392,171.968618,168.6326723,165.4402826,163.1340855,158.9805623,154.5547802,150.9397846,147.0050775,142.1896665,137.3159764,132.1251434,126.7277944,121.2708365,115.9271966,110.7224552,105.8285855,101.1488266,97.39537628,92.39142084,89.50909597,84.44382081,80.75028162,77.40400343,74.33359383,71.4193764,68.73337765,66.32622332
Low income,LIC,"Mortality rate, under-5 (per 1,000 live births)",SH.DYN.MORT,,,,,,,,,,,,,,,,,,,,,,,,,,,,,,,179.5,176.6,173.8,171.2,169.9,165.7,161.1,157.6,153.6,148.4,143.2,137.6,131.9,126.1,120.5,115,110,105.2,100.5,96.1,93.5,87.9,84,80.6,77.4,74.4,71.6,69.1
Liechtenstein,LIE,"Mortality rate, under-5 (per 1,000 live births)",SH.DYN.MORT,,,,,,,,,,,,,,,,,,,,,,,,,,,,,,,,,,,,,,,,,,,,,,,,,,,,,,,,,,
Sri Lanka,LKA,"Mortality rate, under-5 (per 1,000 live births)",SH.DYN.MORT,97.1,93.2,89.6,86.3,83.2,80.5,78.1,76,74.3,72.9,71.7,70.6,69.5,68.1,66.6,64.7,62.4,59.7,56.8,53.6,50.1,46.4,42.5,38.3,34.2,30.3,26.9,24.2,22.5,21.6,21.3,21.3,21.3,21.1,20.6,20,19.3,18.6,17.9,17.1,16.5,16,15.6,15.2,29.2,14.3,13.5,12.8,12.3,11.9,11.6,11.2,10.8,10.4,10,9.5,9.1,8.8
Lower middle income,LMC,"Mortality rate, under-5 (per 1,000 live births)",SH.DYN.MORT,,,,,,,,,,,,,,,,,,,,,,,,,,,,,,,121.6,118.9,116.4,114,111.6,109.1,106.6,103.9,101,98,94.8,91.6,88.3,85.1,82.5,78.8,75.8,72.9,70.3,67.1,64.3,61.7,59.2,56.8,54.6,52.4,50.4,48.5
Low & middle income,LMY,"Mortality rate, under-5 (per 1,000 live births)",SH.DYN.MORT,,,,,,,,,,,,,,,,,,,,,,,,,,,,,,,102.474445,101.2508152,100.1193837,98.93013532,97.86275826,96.22765488,94.34187112,92.41271809,90.24571021,87.66736475,84.90910671,81.95800721,78.90456271,75.83357639,73.05710011,69.78377082,66.88656244,64.047886,61.46246226,58.64158992,56.42286665,53.73917202,51.51474063,49.45202235,47.57337455,45.82274307,44.23226648,42.772961
Lesotho,LSO,"Mortality rate, under-5 (per 1,000 live births)",SH.DYN.MORT,189,188.1,187.9,188.2,188.4,188.4,187.8,186.2,183.9,180.9,177.2,173.3,169.2,164.7,159.7,154.4,148.5,142.4,136,129.6,123.4,117.7,112.3,107.3,103,99.2,96,93.3,91.3,89.7,88.8,88.6,89.3,91,93.6,97.1,101.1,105.3,109.6,113.5,116.9,119.6,121.7,123.3,124,123.8,122.7,119.3,117.1,110,99.2,98.4,97.4,95.8,94.7,93.8,88.9,85.9
Late-demographic dividend,LTE,"Mortality rate, under-5 (per 1,000 live births)",SH.DYN.MORT,,,,,,,,,,,,,,,,,,,,,,,,,,,,,,,50.3426753,49.399528,48.24624418,46.76874219,45.1532367,43.32664966,41.48302846,39.56879585,37.58182314,35.54085586,33.40879273,31.19982165,28.98515935,26.87121294,24.99742808,22.99212776,21.33102772,19.83960722,18.60588882,17.40719322,16.41809659,15.45048384,14.56345326,13.74743721,13.00267165,12.3194924,11.75964805,11.06264089
Lithuania,LTU,"Mortality rate, under-5 (per 1,000 live births)",SH.DYN.MORT,,,,,,,,25.6,26.4,25.1,22.7,21.2,21.1,21.7,22.3,22.5,22.5,22.3,21.9,21.2,20.4,19.7,19.2,18.8,18.2,17.5,16.4,15.1,14.2,14.3,15.2,16.5,17.8,18.2,17,15,13.3,12.3,11.7,11.2,10.7,10.3,9.9,9.5,9.3,9,8.7,8.1,7.4,6.7,6,5.5,5.2,5,5,5,4.7,4.3
Luxembourg,LUX,"Mortality rate, under-5 (per 1,000 live births)",SH.DYN.MORT,,,,,30.2,28.7,27.3,26,24.7,23.5,22.3,21.1,19.9,18.7,17.6,16.7,15.8,15.1,14.5,13.9,13.5,13,12.6,12.2,11.7,11.2,10.7,10.2,9.7,9.2,8.7,8.2,7.7,7.2,6.8,6.4,6,5.6,5.3,5,4.8,4.5,4.2,4,3.8,3.6,3.4,3.3,3.1,3,3,2.9,2.8,2.8,2.7,2.7,2.6,2.6
Latvia,LVA,"Mortality rate, under-5 (per 1,000 live births)",SH.DYN.MORT,,,,,,,,,,,,,,,,,,,,20.7,20.7,20.6,20.3,19.6,18.6,17.4,16.3,15.6,15.4,15.8,16.9,18.3,19.4,20,20,19.7,19.1,18,16.7,15.4,14.3,13.4,12.6,11.9,11.1,10.5,9.9,9.3,8.8,8.3,7.8,7.3,6.7,6.1,5.5,5,4.6,4.2
"Macao SAR, China",MAC,"Mortality rate, under-5 (per 1,000 live births)",SH.DYN.MORT,,,,,,,,,,,,,,,,,,,,,,,,,,,,,,,,,,,,,,,,,,,,,,,,,,,,,,,,,,
St. Martin (French part),MAF,"Mortality rate, under-5 (per 1,000 live births)",SH.DYN.MORT,,,,,,,,,,,,,,,,,,,,,,,,,,,,,,,,,,,,,,,,,,,,,,,,,,,,,,,,,,
Morocco,MAR,"Mortality rate, under-5 (per 1,000 live births)",SH.DYN.MORT,237.8,232.9,227.9,222.8,217.7,212.3,207,201.7,196.5,191.7,187.2,183,178.9,174.6,169.9,164.6,158.9,152.6,146,139.3,132.6,126.1,119.7,113.6,107.7,102.1,96.9,92,87.5,83.3,79.5,75.9,72.5,69.2,66,62.9,59.9,57.2,54.5,52.1,49.8,47.6,45.5,43.6,41.7,39.9,38.2,36.6,35,33.5,32,30.6,29.2,27.9,26.6,25.4,24.3,23.3
Monaco,MCO,"Mortality rate, under-5 (per 1,000 live births)",SH.DYN.MORT,,,,,,,,,,,,,,,,,,,,,,,,,,9.7,9.3,8.9,8.5,8.1,7.8,7.4,7.1,6.8,6.5,6.2,6,5.8,5.5,5.3,5.2,5,4.8,4.7,4.6,4.5,4.4,4.3,4.2,4.1,4,3.9,3.8,3.7,3.6,3.5,3.4,3.3
Moldova,MDA,"Mortality rate, under-5 (per 1,000 live births)",SH.DYN.MORT,,,,,,,,,,,,64.5,62.8,61,59.3,57.6,55.9,54.2,52.6,51.3,49.9,48.5,46.8,44.8,42.6,40.5,38.4,36.4,34.8,33.7,33.2,33.5,34.5,35.9,37.3,38.4,38.7,38,36.6,34.3,31.5,28.5,25.6,23,21.1,19.6,18.7,18,17.6,17.4,17.2,17,16.8,16.5,16.3,16,15.7,15.5
Madagascar,MDG,"Mortality rate, under-5 (per 1,000 live births)",SH.DYN.MORT,,,,,,,,,147.5,149.1,150.6,152.5,154.7,157.2,159.9,162.7,165.2,167.6,169.6,171.6,174,177,179.8,181.6,182.3,181.6,179.4,175.7,170.8,165.4,160,155,150.3,146,141.7,136.9,131.6,125.8,119.6,113.2,107.1,101.3,95.8,90.7,86,81.5,77.3,73.3,69.4,65.5,61.8,58.3,55,52.3,49.9,47.8,45.9,44.2
Maldives,MDV,"Mortality rate, under-5 (per 1,000 live births)",SH.DYN.MORT,,,,,313.4,305.1,296.4,287.8,279.2,270.2,260.7,250.7,239.8,228,216.2,204.5,193.5,183.1,173.1,163.8,155.1,147.2,139.8,132.9,126.4,120.3,114.4,108.9,103.6,98.5,93.8,89.2,84.6,79.9,75.1,70.2,65.1,59.8,54.5,49.1,43.8,38.6,33.8,29.6,28.7,22.6,20,17.8,16,14.4,13.1,11.9,10.8,10,9.3,8.8,8.3,7.9
Middle East & North Africa,MEA,"Mortality rate, under-5 (per 1,000 live births)",SH.DYN.MORT,,,,,,,,,,,,,,,,,,,,,,,,,,,,,,,65.4,62.7,60.2,57.8,55.4,53.1,50.8,48.7,46.6,44.6,42.6,40.8,39,37.2,35.6,34,32.5,31.1,29.8,28.6,27.6,26.7,26.1,25.4,24.8,24.2,23.6,23.1
Mexico,MEX,"Mortality rate, under-5 (per 1,000 live births)",SH.DYN.MORT,149.2,142.9,137.5,132.8,128.7,125,121.6,118.4,115,111.3,107.5,103.7,99.9,96.3,93,90,86.9,83.8,80.6,77.1,73.3,69.5,65.9,62.5,59.6,57,54.6,52.2,50,47.7,45.4,43.3,41.1,39.1,37.2,35.3,33.5,31.8,30,28.3,26.8,25.3,23.9,22.7,21.6,20.6,19.8,19,18.4,17.8,17.3,16.8,16.4,15.9,15.4,14.8,14.1,13.4
Marshall Islands,MHL,"Mortality rate, under-5 (per 1,000 live births)",SH.DYN.MORT,121.9,116.1,110.8,105.9,101.4,97.2,93.3,89.6,86.1,82.6,79.3,76.2,73.6,71.5,70,69,68.2,67.5,66.8,66.1,65.1,64,62.6,61.1,59.5,57.9,56.3,54.5,52.7,50.8,48.9,47,45.2,43.5,42.2,41.3,40.8,40.6,40.6,40.6,40.7,40.7,40.6,40.3,40.1,39.9,39.6,39.4,39.2,39,38.8,38.5,38.1,37.5,36.7,35.8,34.9,34
Middle income,MIC,"Mortality rate, under-5 (per 1,000 live births)",SH.DYN.MORT,,,,,,,,,,,,,,,,,,,,,,,,,,,,,,,91.34021617,89.94741875,88.63679057,87.23563927,85.79057858,84.15838243,82.36650184,80.39135872,78.26532677,75.92140696,73.40738445,70.7745806,68.09008927,65.41991245,63.09544118,60.14656485,57.58443422,55.06869916,52.83801773,50.26554224,48.04528402,45.91689991,43.97068216,42.14025626,40.46361948,38.91175126,37.4957655,36.17544194
"Macedonia, FYR",MKD,"Mortality rate, under-5 (per 1,000 live births)",SH.DYN.MORT,,,,,,,,,,,,,,,,,,,,,,56.8,55,52.9,50.9,49.6,48.7,47.2,43.8,39.8,36.7,35,33.4,30.9,27.8,24.6,21.8,19.6,18,16.9,16,15.2,14.6,14.2,14,13.7,13.1,12.3,11.5,10.9,10.4,10.3,10.4,10.8,11.4,12.2,13,13.7
Mali,MLI,"Mortality rate, under-5 (per 1,000 live births)",SH.DYN.MORT,,,,441.9,434.2,426.5,419.4,413.4,408.1,403.5,399.3,395,389.9,384,376.7,368.4,359.5,350.3,341.2,332.7,324.7,316.8,308.7,300.4,292.5,284.9,277.8,271.1,265.1,259.3,254,249.5,246,243.4,241.4,239.6,237.7,235.1,231.6,226.4,219.5,211.2,201.8,191.7,181.4,171.3,162.4,154.6,147.7,141.5,135.7,130.7,125.9,121.6,117.7,113.7,109.6,106
Malta,MLT,"Mortality rate, under-5 (per 1,000 live births)",SH.DYN.MORT,40.7,39.1,37.7,36.6,35.5,34.3,33.2,31.9,30.5,29.2,27.8,26.5,25.1,23.8,22.6,21.4,20.3,19.3,18.4,17.7,16.9,16.2,15.6,15,14.4,13.8,13.2,12.7,12.2,11.7,11.3,11,10.6,10.2,9.8,9.5,9.1,8.7,8.3,8,7.7,7.5,7.3,7.1,7,6.9,6.8,6.8,6.7,6.7,6.7,6.6,6.6,6.6,6.6,6.6,6.5,6.4
Myanmar,MMR,"Mortality rate, under-5 (per 1,000 live births)",SH.DYN.MORT,,,,,,,,,181,177.8,174.5,171.3,167.8,164.5,161.1,157.4,153.9,150.6,147.1,143.8,140.7,137.9,135.2,132.6,130,127.6,125.3,123.1,120.8,118.3,115.7,113,110.3,107.6,104.9,102.3,99.7,97.2,94.6,92.2,89.8,87.4,85,82.5,80,77.5,74.8,72.1,89.7,66.7,64,61.4,59,56.6,54.4,52.4,50.5,48.6
Middle East & North Africa (excluding high income),MNA,"Mortality rate, under-5 (per 1,000 live births)",SH.DYN.MORT,,,,,,,,,,,,,,,,,,,,,,,,,,,,,,,68.73236715,66.05977466,63.55196432,61.16870278,58.79909785,56.47214502,54.21380325,52.02093176,49.85092579,47.75282764,45.72550829,43.75566656,41.86616001,40.0133034,38.27921431,36.61662739,35.01667196,33.49072928,32.03526119,30.7614617,29.65127364,28.80153065,28.09964007,27.38429316,26.75919913,26.13322301,25.61200081,25.05394323
Montenegro,MNE,"Mortality rate, under-5 (per 1,000 live births)",SH.DYN.MORT,,,,,,,,,,,,,,,,,,,,,,,,,27.2,24.7,22.5,20.6,18.9,17.6,16.6,15.9,15.5,15.3,15.2,15.1,15.1,15,14.9,14.6,14.1,13.6,12.9,12.2,11.4,10.6,9.8,9,8.2,7.4,6.8,6.1,5.6,5,4.6,4.1,3.8,3.5
Mongolia,MNG,"Mortality rate, under-5 (per 1,000 live births)",SH.DYN.MORT,,,,,,,,,,,,,,,,,,,173.5,167.3,161.4,155.7,150.5,145.3,140,134.7,129.1,123.5,118,112.7,107.8,103.2,99,95,90.9,86.8,82.6,78.2,73.5,68.7,63.9,59,54.3,49.8,45.6,41.7,38,34.7,31.6,28.8,26.3,24.2,22.4,21,19.8,18.8,18,17.2
Northern Mariana Islands,MNP,"Mortality rate, under-5 (per 1,000 live births)",SH.DYN.MORT,,,,,,,,,,,,,,,,,,,,,,,,,,,,,,,,,,,,,,,,,,,,,,,,,,,,,,,,,,
Mozambique,MOZ,"Mortality rate, under-5 (per 1,000 live births)",SH.DYN.MORT,,,,,,271.4,272.4,273.3,273.9,273.7,273.3,272.4,271.1,269.6,268.1,266.5,264.9,263.7,262.7,261.9,261.6,261.1,260.2,258.8,256.6,254.1,251.3,248.3,245.5,242.5,239.5,236.1,232.3,227.7,222.1,215.5,207.6,198.6,189.1,179.7,170.4,161.8,154,146.7,140,133.6,127.3,120.5,113.9,107.6,103.1,97.6,92.2,87.2,83.2,78.6,74.8,72.4
Mauritania,MRT,"Mortality rate, under-5 (per 1,000 live births)",SH.DYN.MORT,251.2,244.6,238,231.6,225.3,218.9,212.6,206.2,200.3,195.7,192.4,190.3,189.3,188.7,187.6,185.7,182.7,178.8,174.2,169.3,164.7,160.2,155.4,150.4,145.1,139.4,133.7,128.5,124.2,120.7,117.9,116.1,114.8,114.2,113.9,114,114,114.2,114.1,113.9,113.8,113.6,113.2,112.5,111.5,110,108,105.7,103.1,100.6,97.9,95,92.3,89.5,86.8,84.1,81.5,79
Mauritius,MUS,"Mortality rate, under-5 (per 1,000 live births)",SH.DYN.MORT,103,98.6,93,87.2,83.5,85.2,92.4,98.3,94.6,85.6,80,80.5,81.9,78.8,71.7,63.7,56.8,51.1,46.7,43.3,40.2,37.3,34.3,31.5,29.3,28.4,28.7,28.7,27.4,25,23,21.7,21.2,21.2,21.6,22.2,22.7,22.6,21.7,20.2,18.5,17.1,16.1,15.6,15.5,15.7,16,16.1,15.8,15.4,15,14.9,14.8,14.8,14.7,14.4,13.8,13.1
Malawi,MWI,"Mortality rate, under-5 (per 1,000 live births)",SH.DYN.MORT,,,,,,353.2,351.1,349.1,346.7,343.8,339.7,334.3,327.6,319.8,311.1,302,292.4,282.7,272.3,262.4,253.5,246.6,242.4,241.6,243.2,245.7,247.6,247.9,245.6,240.9,234.7,227.2,219.5,212.3,206.2,201.2,197.6,193.8,188.8,181.8,171.9,159.6,146.4,133.7,122.6,113.9,107.7,103.1,97.7,93.2,88.6,83.1,75.9,70.4,65.7,61.7,58.4,55.4
Malaysia,MYS,"Mortality rate, under-5 (per 1,000 live births)",SH.DYN.MORT,92.6,86.3,80.4,75.1,70.4,66.3,62.9,60,57.5,55.3,53.3,51.4,49.4,47.3,44.9,42.5,39.9,37.4,35,32.6,30.3,28.2,26.3,24.6,23,21.6,20.3,19.2,18.3,17.4,16.6,15.8,15.1,14.4,13.8,13.3,12.9,12.4,11.7,11,10.2,9.5,8.9,8.5,8.3,8.2,8,7.9,7.8,7.8,7.7,7.6,7.5,7.4,7.5,7.6,7.7,7.9
North America,NAC,"Mortality rate, under-5 (per 1,000 live births)",SH.DYN.MORT,,,,,,,,,,,,,,,,,,,,,,,,,,,,,,,11,10.6,10.3,9.9,9.6,9.2,9,8.7,8.6,8.4,8.3,8.2,8.1,8,7.9,7.8,7.7,7.6,7.5,7.3,7.2,7.1,6.9,6.8,6.7,6.7,6.6,6.5
Namibia,NAM,"Mortality rate, under-5 (per 1,000 live births)",SH.DYN.MORT,,,,,,,,96.6,96.9,97.4,97.9,98.5,99.1,99.5,100,100.4,100.8,100.9,100.7,100.2,99.1,97.5,95.2,92.6,89.6,86.5,83.3,80.2,77.4,74.9,72.7,71,69.9,69.4,69.5,70.2,71.3,72.7,74,75.3,76.2,76.6,76.5,76,74.9,70.9,66.1,60.9,57,55.9,53.4,52.3,52.1,50.5,49,47.2,45.2,44.2
New Caledonia,NCL,"Mortality rate, under-5 (per 1,000 live births)",SH.DYN.MORT,,,,,,,,,,,,,,,,,,,,,,,,,,,,,,,,,,,,,,,,,,,,,,,,,,,,,,,,,,
Niger,NER,"Mortality rate, under-5 (per 1,000 live births)",SH.DYN.MORT,,,,,,,,311.8,315.7,319.7,324,327.9,331.4,333.9,335.1,334.5,332.2,328.3,323.9,320.2,317.8,317.5,319.2,322.8,327.1,331.2,334.2,335.3,334.3,331.3,326.5,319.9,311.6,301.6,289.9,277.4,264.7,253.3,242.8,233.2,223.7,213.8,203.1,191.8,180.4,169.2,158.5,148.7,139.6,131.3,123.6,116.4,109.9,104.1,98.6,93.5,88.7,84.5
Nigeria,NGA,"Mortality rate, under-5 (per 1,000 live births)",SH.DYN.MORT,,,,,324.8,318,311.2,304.7,297.9,291,283.7,275.9,267.9,259.7,251.5,243.6,236.1,229.2,223.1,217.8,213.7,210.6,208.8,208,208.1,208.8,209.9,210.8,211.6,212,211.9,211.4,210.8,209.9,208.8,206.9,204.3,200.7,196.4,191.5,186.2,180.6,174.9,169.1,163.2,157.3,151.5,145.7,140.1,134.7,129.6,124.7,119.9,115.6,111.6,107.5,103.8,100.2
Nicaragua,NIC,"Mortality rate, under-5 (per 1,000 live births)",SH.DYN.MORT,197.8,195.6,193.5,191.5,189.1,186.7,184.1,181.2,178.1,174.6,170.9,166.6,161.9,156.5,150.5,144,137,129.7,122.3,115.2,108.3,101.9,96.1,91,86.4,82.4,78.9,75.8,72.8,69.9,66.9,63.8,60.7,57.6,54.6,51.7,48.9,46.1,49.4,41,38.7,36.5,34.5,32.7,31,29.3,27.8,26.3,25,23.7,22.6,21.6,20.7,19.9,19.2,18.5,17.9,17.2
Netherlands,NLD,"Mortality rate, under-5 (per 1,000 live births)",SH.DYN.MORT,21,20.4,19.8,19.3,18.8,18.3,17.8,17.3,16.8,16.2,15.6,15,14.4,13.8,13.3,12.8,12.4,12,11.6,11.2,10.9,10.6,10.4,10.2,10,9.8,9.5,9.3,9,8.7,8.4,8.1,7.7,7.4,7.1,6.9,6.7,6.6,6.4,6.3,6.2,6.1,5.9,5.7,5.5,5.3,5.1,4.9,4.7,4.6,4.4,4.3,4.2,4.1,4.1,4,4,3.9
Norway,NOR,"Mortality rate, under-5 (per 1,000 live births)",SH.DYN.MORT,22.6,22.1,21.5,21,20.4,19.7,19,18.2,17.5,16.9,16.2,15.6,15,14.3,13.6,12.9,12.2,11.5,10.9,10.4,10.1,9.9,9.9,10,10.1,10.2,10.2,10.1,9.8,9.3,8.7,7.9,7.2,6.6,6.1,5.7,5.4,5.2,5.1,5,4.9,4.7,4.5,4.4,4.2,4,3.9,3.7,3.5,3.4,3.2,3.1,3,2.9,2.8,2.7,2.6,2.6
Nepal,NPL,"Mortality rate, under-5 (per 1,000 live births)",SH.DYN.MORT,322.7,318.8,314,308.6,302.5,296.1,289.6,282.9,276.4,270.1,264.3,258.6,253.1,247.7,242.4,237.3,232,226.3,220.4,214.3,208,201.6,195.3,189,182.4,175.7,168.9,161.9,154.8,147.5,140.4,133.4,126.5,120,113.7,107.7,102,96.6,91.4,86.4,81.5,77,72.7,68.7,65,61.5,58.2,55.2,52.3,49.7,47.1,44.8,42.4,40.3,38.3,36.6,35,33.7
Nauru,NRU,"Mortality rate, under-5 (per 1,000 live births)",SH.DYN.MORT,,,,,,,,,,,,,,,,,,,,,,,,,,72.4,69.6,66.9,64.4,61.8,59.6,57.2,54.9,52.8,50.8,48.9,47.2,45.5,44,42.6,41.3,40.3,39.5,38.9,38.6,38.5,38.6,38.9,39.2,39.2,38.8,38.3,37.6,36.8,35.9,35,34,33
New Zealand,NZL,"Mortality rate, under-5 (per 1,000 live births)",SH.DYN.MORT,27.9,26.9,25.8,24.7,23.8,23.1,22.5,22,21.6,21.2,20.8,20.3,19.8,19.4,18.9,18.3,17.7,17.1,16.6,16.1,15.6,15.2,14.8,14.5,14.1,13.8,13.4,12.9,12.4,11.8,11.2,10.6,10,9.5,9.1,8.7,8.4,8.1,7.8,7.6,7.4,7.2,7,6.9,6.7,6.6,6.5,6.4,6.4,6.3,6.2,6.1,6,5.9,5.7,5.6,5.4,5.3
OECD members,OED,"Mortality rate, under-5 (per 1,000 live births)",SH.DYN.MORT,,,,,,,,,,,,,,,,,,,,,,,,,,,,,,,21.32481246,20.33590012,19.34574706,18.39809705,17.52704372,16.67465032,15.85625518,15.07807247,14.33807595,13.64982817,12.98671207,12.35415484,11.75142606,11.19562096,10.70506992,10.22252404,9.801497994,9.381976682,9.034290793,8.723320785,8.409995295,8.16760408,7.893377789,7.659506922,7.416886738,7.203221998,6.935280401,6.681087424
Oman,OMN,"Mortality rate, under-5 (per 1,000 live births)",SH.DYN.MORT,,,334.4,320,306.1,293,279.5,266.5,253.3,240.4,227.9,215.4,203.2,191,179.1,167.1,155.3,143.8,132.3,121.2,110.5,100.3,90.7,81.5,73.1,65.5,58.8,52.9,47.8,43.2,39.2,35.5,32.2,29.2,26.6,24.3,22.4,20.6,19.1,17.7,16.5,15.4,14.5,13.8,13.2,12.8,12.4,12.1,11.9,11.7,11.6,11.5,11.4,11.3,11.2,11.2,11.3,11.3
Other small states,OSS,"Mortality rate, under-5 (per 1,000 live births)",SH.DYN.MORT,,,,,,,,,,,,,,,,,,,,,,,,,,,,,,,97.53361795,96.29444121,95.47816006,94.98867374,94.78642245,94.77051875,94.75769404,94.6484352,94.34074674,93.74794166,92.85544001,91.51010236,89.7976094,87.86035309,85.58961293,82.59852313,79.09985909,75.6726148,72.79080986,69.59581117,65.76136854,63.29901196,60.89233077,58.76596275,56.93814682,55.10179349,53.12758456,51.39122031
Pakistan,PAK,"Mortality rate, under-5 (per 1,000 live births)",SH.DYN.MORT,258.8,249.5,240.8,232.5,225.1,218.2,212,206.5,201.6,197.1,193,189.3,185.8,182.5,179.4,176.6,173.9,171.4,169,166.7,164.3,162,159.6,157.1,154.6,152,149.3,146.7,144.1,141.6,139,136.5,134,131.4,128.8,126.2,123.5,120.8,118,115.2,112.6,110,107.5,105.2,103,100.9,98.8,96.8,94.8,92.8,90.8,88.8,86.6,84.3,81.9,79.5,77.1,74.9
Panama,PAN,"Mortality rate, under-5 (per 1,000 live births)",SH.DYN.MORT,90.2,87.5,84.8,82.2,79.7,77.4,75.2,73.1,70.9,68.4,65.6,62.6,59.6,56.5,53.8,51.4,49.3,47.6,46.2,44.8,43.4,42,40.5,39,37.5,36.2,34.9,33.7,32.6,31.6,30.7,30,29.3,28.8,28.4,28.1,27.8,27.4,27.1,26.6,26.1,25.6,24.9,24.3,23.7,23.1,22.5,22,21.3,20.7,20.1,19.5,18.9,18.4,17.8,17.2,16.7,16.1
Peru,PER,"Mortality rate, under-5 (per 1,000 live births)",SH.DYN.MORT,226.8,220.3,213.6,206.6,199.5,192.5,185.9,179.8,174.4,169.4,164.5,159.8,155,150.3,145.6,141.3,137.5,134.2,131.3,128.6,125.8,122.8,119.3,115.1,110.3,105.1,99.7,94.4,89.5,85,80.7,76.4,72,67.5,63,58.4,54,49.7,45.7,42,38.7,35.7,33.1,30.7,28.7,26.8,25.2,23.8,22.5,21.4,20.3,19.4,18.5,17.7,16.9,16.2,15.5,15
Philippines,PHL,"Mortality rate, under-5 (per 1,000 live births)",SH.DYN.MORT,102.9,99.7,97,94.7,92.6,90.7,88.9,87.3,85.8,84.6,83.6,83,82.5,82.3,82.3,82.2,82.1,81.9,81.4,80.8,79.9,79,78,76.8,75.3,73.3,70.9,67.9,64.5,61,57.6,54.4,51.5,49,46.9,45,43.4,42,40.8,39.7,38.7,37.8,36.9,36,35.1,34.4,33.6,33,32.4,31.9,31.3,30.9,30.4,30,29.6,29.1,28.6,28.1
Palau,PLW,"Mortality rate, under-5 (per 1,000 live births)",SH.DYN.MORT,,,,,,,,,,,,,,,,,,,,,,,,,41.8,40.8,39.9,38.9,38,37,36.1,35.1,34.1,33.2,32.3,31.3,30.4,29.4,28.5,27.6,26.7,25.9,25,24.2,23.5,22.7,22,21.3,20.6,20,19.3,18.7,18,17.4,16.9,16.3,15.8,15.3
Papua New Guinea,PNG,"Mortality rate, under-5 (per 1,000 live births)",SH.DYN.MORT,199.1,192.7,186.5,180.3,174.3,168.6,162.9,157.5,152.2,147,142.1,137.5,133,128.8,124.8,121,117.4,114.2,111.1,108.3,105.7,103.2,100.9,98.7,96.8,94.9,93.3,91.8,90.4,89,87.6,86.3,85,83.8,82.7,81.7,80.8,80,79.1,78.5,77.7,77.1,76.4,75.7,75.1,74.2,73,71.7,70.1,68.3,66.4,64.7,62.9,60.8,59,57.1,55.2,53.4
Poland,POL,"Mortality rate, under-5 (per 1,000 live births)",SH.DYN.MORT,64.9,59.4,55.7,52.5,49.1,45.7,42.8,40.5,38.8,37.5,36.2,34.5,32.4,30.4,28.9,27.9,27,26.2,25.4,24.7,24,23.3,22.7,21.9,21.2,20.3,19.6,18.9,18.3,17.8,17.3,16.9,16.5,16,15.3,14.4,13.3,12,10.8,9.9,9.3,8.8,8.4,8.1,7.8,7.6,7.3,7,6.7,6.3,6,5.6,5.4,5.2,5,4.9,4.8,4.7
Pre-demographic dividend,PRE,"Mortality rate, under-5 (per 1,000 live births)",SH.DYN.MORT,,,,,,,,,,,,,,,,,,,,,,,,,,,,,,,185.5816283,183.7947403,181.9540845,180.0413186,177.9569564,175.5305784,172.7536475,169.4503772,165.5862269,161.2082104,156.2876041,150.9075101,145.2582237,139.481595,133.7337337,128.068037,122.6860614,117.5091317,112.4765914,107.7028292,103.2217101,98.91136937,94.75276337,90.99447478,87.54696393,84.15349494,81.03776378,78.17877655
Puerto Rico,PRI,"Mortality rate, under-5 (per 1,000 live births)",SH.DYN.MORT,,,,,,,,,,,,,,,,,,,,,,,,,,,,,,,,,,,,,,,,,,,,,,,,,,,,,,,,,,
"Korea, Dem. Peoples Rep.",PRK,"Mortality rate, under-5 (per 1,000 live births)",SH.DYN.MORT,,,,,,,,,,,,,,,,,,,,,,,,,,35,34.6,35.1,36.7,39.4,43.3,48.5,54.7,61.2,67.6,72.7,75.5,75.6,72.7,67.2,59.9,52,44.6,38.8,34.9,32.9,32.3,32.2,31.8,30.9,29.5,27.6,25.7,23.9,22.4,21,20,19
Portugal,PRT,"Mortality rate, under-5 (per 1,000 live births)",SH.DYN.MORT,114.3,110,104.5,97.8,91,85.2,80.8,77.5,75,72.4,68.6,63.3,57.7,52.6,47.9,43.5,39.4,35.6,32.4,29.7,27.6,25.8,24.2,22.9,21.6,20.4,19.3,18.2,17,15.9,14.7,13.6,12.5,11.4,10.5,9.7,9.1,8.6,8.2,7.7,7.2,6.7,6.1,5.6,5.1,4.7,4.4,4.2,4.1,4,3.9,3.8,3.7,3.7,3.7,3.7,3.7,3.7
Paraguay,PRY,"Mortality rate, under-5 (per 1,000 live births)",SH.DYN.MORT,81.9,81.2,80.6,80.1,79.7,79.4,79.1,78.9,78.5,78.1,77.7,77,76.2,75.3,74.3,73,71.6,70.2,68.6,66.9,65.1,63.1,61,58.9,56.8,54.8,52.8,50.9,49,47.2,45.5,43.8,42.3,40.8,39.5,38.3,37.3,36.3,35.5,34.7,33.9,33.1,32.4,31.6,30.9,30.2,29.4,28.6,27.7,26.9,26.1,25.4,24.6,23.8,23.1,22.4,21.6,21
West Bank and Gaza,PSE,"Mortality rate, under-5 (per 1,000 live births)",SH.DYN.MORT,,,,,,,,,,,,,,,,107.7,101.4,95.3,89.7,84.4,79.4,74.7,70.3,66.2,62.3,58.8,55.5,52.4,49.5,46.9,44.6,42.5,40.7,39,37.4,36,34.6,33.3,32.2,31.1,30.2,29.3,28.5,27.8,27.1,26.4,25.7,25,24.5,23.9,23.5,23.1,22.8,22.5,22.2,21.9,21.4,20.9
Pacific island small states,PSS,"Mortality rate, under-5 (per 1,000 live births)",SH.DYN.MORT,,,,,,,,,,,,,,,,,,,,,,,,,,,,,,,36.53291068,35.45051287,34.43037853,33.48804219,32.70425995,31.99360333,31.38188632,31.33082839,30.3231723,29.74572209,29.23090297,28.80337735,28.37952479,28.14931138,28.03602427,27.92782081,27.87804048,27.79578242,27.66997918,27.98486045,27.2200812,26.92701321,26.59722623,26.27383797,25.89764866,25.56160374,25.23034459,24.87706865
Post-demographic dividend,PST,"Mortality rate, under-5 (per 1,000 live births)",SH.DYN.MORT,,,,,,,,,,,,,,,,,,,,,,,,,,,,,,,10.76163172,10.35418574,9.938723225,9.505125749,9.122639657,8.752220765,8.384058388,8.0519115,7.773804758,7.543243918,7.301176541,7.098553642,6.921872242,6.754235184,6.631547681,6.459268998,6.310688045,6.134703308,5.98702702,5.85129013,5.669218063,5.576497874,5.413762084,5.305300858,5.201182446,5.1472242,5.038939222,4.950960468
French Polynesia,PYF,"Mortality rate, under-5 (per 1,000 live births)",SH.DYN.MORT,,,,,,,,,,,,,,,,,,,,,,,,,,,,,,,,,,,,,,,,,,,,,,,,,,,,,,,,,,
Qatar,QAT,"Mortality rate, under-5 (per 1,000 live births)",SH.DYN.MORT,,,,,,,,,,71.1,66.3,61.9,57.7,54.1,50.7,47.6,44.9,42.4,40.2,38.2,36.3,34.6,33,31.4,29.8,28.3,26.8,25.3,23.7,22.3,20.8,19.5,18.2,17.1,16.1,15.3,14.6,14,13.5,13,12.5,12,11.6,11.2,10.8,10.4,10.1,9.8,9.5,9.3,9.1,8.9,8.7,8.5,8.3,8.1,7.8,7.6
Romania,ROU,"Mortality rate, under-5 (per 1,000 live births)",SH.DYN.MORT,,,,61,54.3,53.2,57.9,64.1,65.5,61.8,56,50.7,46.8,44.9,44,42.8,40.7,38.7,37.5,36.8,35.9,34.4,32.7,31.4,30.8,31.5,33.2,34.8,34.6,33,31.1,29.7,28.7,28,27.5,27.1,26.6,25.9,24.6,23.1,21.9,21.1,20.6,20,19.3,18,16.2,14.4,13,12,11.5,11.3,11.1,10.6,10,9.2,8.5,7.8
Russian Federation,RUS,"Mortality rate, under-5 (per 1,000 live births)",SH.DYN.MORT,,,,,,,,,,,38.3,36.6,35,33.5,32.2,31.1,30.1,29.4,28.7,28.2,27.6,27.1,26.6,26.1,25.6,24.9,24.2,23.4,22.6,22,21.7,21.6,21.7,21.9,22.1,22,21.7,21.3,20.8,20.2,19.4,18.4,17.3,16.1,14.9,13.8,12.8,12,11.2,10.7,10.4,10.1,9.8,9.5,9.1,8.6,8,7.6
Rwanda,RWA,"Mortality rate, under-5 (per 1,000 live births)",SH.DYN.MORT,221.8,217.5,214.1,211.8,210.6,210.1,210.8,212.6,214.9,217.9,221.2,224.5,228.6,233.9,239.7,245.2,249.2,249,243,231.4,216.5,200.3,185.6,174,165.6,159.3,154.6,151.1,148.9,148.6,151.2,156.9,165.2,182.8,282.8,242.1,184.7,207.4,225.1,190.2,181.4,168.5,153.9,138.9,123.9,110.2,98.3,88.1,79.2,71.3,64.4,57.5,52.2,48,44.7,42,39.8,37.9
South Asia,SAS,"Mortality rate, under-5 (per 1,000 live births)",SH.DYN.MORT,,,,,,,,,,,,,,,,,,,,,,,,,,,,,,,129.4,125.8,122.2,118.7,115.3,111.8,108.2,104.6,101,97.4,93.8,90.2,86.8,83.5,80.4,77.2,74.1,71.1,68.2,65.3,62.5,59.7,57,54.3,51.7,49.3,46.9,44.8
Saudi Arabia,SAU,"Mortality rate, under-5 (per 1,000 live births)",SH.DYN.MORT,,,,,,,,,,,,,159.3,149.5,139.9,131.3,123.1,115.3,108,101.1,94.5,88.2,82.3,76.7,71.4,66.3,61.4,56.8,52.5,48.3,44.4,41,37.9,35.2,32.6,30.4,28.4,26.5,24.9,23.3,22,20.7,19.6,18.5,17.5,16.5,15.5,14.6,13.7,12.8,12,11.2,10.5,9.8,9.1,8.4,7.9,7.4
Sudan,SDN,"Mortality rate, under-5 (per 1,000 live births)",SH.DYN.MORT,176,173.2,170.4,167.8,165.4,163.2,161.2,159.5,157.9,156.6,155.6,154.7,153.8,153,152.1,151,150,148.9,147.9,146.9,145.9,145,144.1,143.2,142.1,140.8,139.3,137.6,135.7,133.6,131.5,129.4,127.1,124.8,122.3,119.8,117.1,114.3,111.3,108.1,104.8,101.5,98.1,94.8,91.7,88.8,86.1,83.5,81.1,78.9,76.8,74.8,72.9,71,69.1,67.1,65.2,63.2
Senegal,SEN,"Mortality rate, under-5 (per 1,000 live births)",SH.DYN.MORT,294.8,294.7,295,295.5,296.1,296.2,296,295.1,293.5,290.8,287.1,282.1,276.1,269,260.7,251.2,240.9,230.5,220.7,211.7,204.1,197.5,191.4,185.3,178.8,171.4,163.3,155.4,148.5,143,139.3,137.5,137,137.6,138.7,139.9,140.7,140.7,139.4,136.6,131.7,125.1,117.3,109.2,101.3,94,87.2,81.1,75.7,70.9,66.5,62.6,59,55.6,52.6,49.8,47.5,45.4
Singapore,SGP,"Mortality rate, under-5 (per 1,000 live births)",SH.DYN.MORT,47.8,43.8,40.6,38.2,36.5,35,33.5,31.9,30.3,28.8,27.4,26,24.3,22,19.6,17.6,16.2,15.4,15.1,15,14.8,14.1,13.2,12.4,11.6,10.9,10.4,9.8,9.1,8.4,7.7,6.9,6.3,5.8,5.3,5,4.8,4.6,4.4,4.1,3.9,3.6,3.4,3.2,3,2.9,2.9,2.9,2.8,2.8,2.8,2.8,2.8,2.7,2.7,2.7,2.8,2.8
Solomon Islands,SLB,"Mortality rate, under-5 (per 1,000 live births)",SH.DYN.MORT,186.7,177.3,168.4,160.1,151.9,144.3,136.5,128.5,120.8,112.6,104.6,97.2,90.1,83.8,77.9,72.5,67.6,63.2,59.3,56,53.2,50.8,48.7,46.8,45.2,43.7,42.4,41.3,40.3,39.3,38.3,37.3,36.3,35.3,34.3,33.4,32.6,32,31.4,30.8,30.3,29.9,29.5,29.2,29,28.6,28.2,27.7,27.1,26.4,25.7,24.9,24.1,23.4,22.6,21.9,21.2,20.6
Sierra Leone,SLE,"Mortality rate, under-5 (per 1,000 live births)",SH.DYN.MORT,393.9,388.1,382.1,376,369.9,363.5,356.9,350.6,344.4,338.2,332.1,326.8,321.8,316.5,311.5,306.5,301.7,297.2,293.1,288.9,285,281.5,278.3,275.5,272.8,270.2,268,266,264.4,263,261.7,260.8,259.8,258.5,256.8,254.4,251.4,247.5,243.1,238.1,233.1,227.7,222,216,209.8,203.2,196.1,188.6,180.5,171.9,163.2,154.3,145.6,137.3,129.4,122.2,115.9,110.5
El Salvador,SLV,"Mortality rate, under-5 (per 1,000 live births)",SH.DYN.MORT,184.7,180.9,177.1,173.8,170.5,167.3,164.2,161.1,158,155,152,149,145.7,142.1,138.2,134.1,129.6,124.8,119.7,114.4,108.8,103.1,97.2,91.3,85.7,80.4,75.4,70.9,66.8,63.1,59.7,56.5,53.4,50.4,47.4,44.6,41.9,39.4,37,34.8,32.9,31.1,29.4,27.9,26.4,25,23.7,22.5,21.4,20.3,19.4,18.4,17.6,16.9,16.2,15.5,15,14.5
San Marino,SMR,"Mortality rate, under-5 (per 1,000 live births)",SH.DYN.MORT,,,,,,,,,,,,,,,,,,,,,,,,,15.4,14.5,13.7,12.9,12.1,11.4,10.8,10.1,9.5,9,8.5,8,7.5,7.1,6.7,6.3,5.9,5.6,5.2,4.9,4.7,4.4,4.1,3.9,3.7,3.5,3.3,3.1,2.9,2.7,2.6,2.5,2.3,2.2
Somalia,SOM,"Mortality rate, under-5 (per 1,000 live births)",SH.DYN.MORT,,,,,,,,,,,,,,,,,,,,,,,,193.4,191.3,189.8,188.3,187,185.5,183.1,179.9,176.8,174.3,173.4,173.3,173.3,173.3,173.3,173.3,173.3,173.3,173.3,173.3,173.3,173.3,173.2,172.6,170.5,167,163.1,158.6,153.5,148.9,144.1,139.8,135.6,131.5,127.2
Serbia,SRB,"Mortality rate, under-5 (per 1,000 live births)",SH.DYN.MORT,,,,,,,,,,,,,,,,,,,,,,,,,40.2,39,37.9,36.4,33.9,30.9,28.2,26.1,24.5,23.1,21.6,19.6,17.4,15.4,14,13.2,12.6,12.1,11.5,10.6,9.7,8.9,8.4,8.1,7.9,7.8,7.6,7.4,7.1,6.9,6.6,6.3,6,5.7
Sub-Saharan Africa (excluding high income),SSA,"Mortality rate, under-5 (per 1,000 live births)",SH.DYN.MORT,,,,,,,,,,,,,,,,,,,,,,,,,,,,,,,180.2206092,178.6636255,177.0949198,175.5582797,174.8010864,172.0488836,168.8209074,166.024945,162.6700379,158.235748,153.5814869,148.4281349,142.9743836,137.3604142,131.7259251,126.1398275,120.7875589,115.4950125,110.3653748,105.404849,100.8511144,96.29359826,92.0288996,88.17512108,84.68399187,81.34092827,78.25887187,75.46040254
South Sudan,SSD,"Mortality rate, under-5 (per 1,000 live births)",SH.DYN.MORT,,,,,,,,,,,,,,,,,,,,295.4,292.1,289.2,286.1,282.8,279.7,276.2,272.1,267.6,263,258.4,253.6,248.5,243,237.3,230.9,224.1,217.1,209.5,201,192.1,182.9,173.4,164.4,155.7,147.5,139.7,132.5,125.7,119.2,112.9,107.1,102.1,98.6,96.9,96.4,96.4,96.4,96.4
Sub-Saharan Africa,SSF,"Mortality rate, under-5 (per 1,000 live births)",SH.DYN.MORT,,,,,,,,,,,,,,,,,,,,,,,,,,,,,,,180.5,178.9,177.3,175.8,175.1,172.3,169,166.2,162.8,158.3,153.7,148.5,143,137.4,131.8,126.2,120.8,115.5,110.4,105.4,100.9,96.3,92.1,88.2,84.7,81.4,78.3,75.5
Small states,SST,"Mortality rate, under-5 (per 1,000 live births)",SH.DYN.MORT,,,,,,,,,,,,,,,,,,,,,,,,,,,,,,,81.52178014,80.53910235,79.84197335,79.39709949,79.16713061,79.08248153,79.01653095,78.92852945,78.63527713,78.1765028,77.50598541,76.52096247,75.26217629,73.84431544,72.18773005,69.966201,67.35234105,64.77476655,62.58709814,60.17528618,57.15530671,55.21970536,53.30842511,51.59773576,50.11316521,48.60333148,46.97383285,45.52669329
Sao Tome and Principe,STP,"Mortality rate, under-5 (per 1,000 live births)",SH.DYN.MORT,,,,,,97.7,94.1,91.1,88.7,87.2,86.4,86.3,86.8,87.5,88.2,88.7,89.1,89.3,89.7,90.2,91,92.1,93.6,95.6,97.9,100.2,102.3,104.3,106.1,107.5,108.6,109.3,109.4,108.9,107.4,105.1,102.1,98.3,94.2,89.7,85,80.1,75.3,70.6,66.2,62,58.2,54.6,51.3,48.3,45.5,42.9,40.5,38.5,36.7,35.1,33.7,32.4
Suriname,SUR,"Mortality rate, under-5 (per 1,000 live births)",SH.DYN.MORT,,,,,,,,,,,,,,,,,,,,,,,,57.5,55.9,54.5,53.2,51.9,50.5,49.1,47.8,46.5,45.1,43.8,42.4,41,39.6,38.3,37,35.7,34.5,33.3,32.2,31.1,30,29,28,27.1,26.2,25.4,24.6,23.8,23,22.2,21.6,20.9,20.2,19.6
Slovak Republic,SVK,"Mortality rate, under-5 (per 1,000 live births)",SH.DYN.MORT,,,,,,,,,,,,,,,,,,,,,,21.6,20.7,19.8,19,18.2,17.4,16.7,16,15.3,14.7,14.1,13.5,13,12.5,12,11.5,11,10.6,10.2,9.8,9.4,9.1,8.8,8.5,8.2,7.9,7.7,7.4,7.2,7,6.8,6.6,6.4,6.2,6,5.8,5.6
Slovenia,SVN,"Mortality rate, under-5 (per 1,000 live births)",SH.DYN.MORT,,,,,,,,,,,,,,,,,,,,,,18,17,16.1,15.2,14.4,13.5,12.7,11.9,11.1,10.4,9.7,9.1,8.5,8,7.5,7,6.6,6.2,5.9,5.5,5.3,5,4.7,4.5,4.3,4,3.8,3.6,3.4,3.2,3,2.9,2.7,2.5,2.4,2.3,2.1
Sweden,SWE,"Mortality rate, under-5 (per 1,000 live births)",SH.DYN.MORT,19.6,19.2,18.6,17.9,17.1,16.3,15.5,14.9,14.4,13.9,13.4,12.9,12.3,11.6,11,10.3,9.8,9.4,9,8.7,8.4,8.2,8,7.8,7.7,7.6,7.5,7.4,7.3,7.2,7,6.6,6.2,5.7,5.2,4.8,4.5,4.3,4.2,4.1,4.1,4.1,4,3.9,3.7,3.6,3.4,3.3,3.2,3.1,3,3,3,2.9,2.9,2.9,2.9,2.8
Eswatini,SWZ,"Mortality rate, under-5 (per 1,000 live births)",SH.DYN.MORT,213.2,210.8,208.1,204.9,201.1,197,193,189,185.2,181.8,177.6,173,167.5,161,154,146.8,140.1,133.8,128.1,122.6,117,111.1,104.9,98.4,91.9,85.7,80.3,75.6,72,69.7,68.6,69.2,71.6,76,82.4,90.3,98.8,107,114.5,120.9,126.1,129.6,131.6,132.4,131.4,129,119.9,113.4,108.7,102.1,92.9,81.4,70.1,65.7,62.2,57.8,56.3,53.9
Sint Maarten (Dutch part),SXM,"Mortality rate, under-5 (per 1,000 live births)",SH.DYN.MORT,,,,,,,,,,,,,,,,,,,,,,,,,,,,,,,,,,,,,,,,,,,,,,,,,,,,,,,,,,
Seychelles,SYC,"Mortality rate, under-5 (per 1,000 live births)",SH.DYN.MORT,101.9,100,97.9,95.7,93.2,90.5,87.4,84,80.2,76.1,71.9,67.7,63.4,59.1,54.7,50.2,45.8,41.5,37.4,33.7,30.5,27.7,25.4,23.5,21.9,20.7,19.6,18.8,18,17.3,16.7,16.1,15.6,15.1,14.7,14.4,14.1,13.8,13.7,13.6,13.6,13.7,13.7,13.8,13.9,14,14.1,14.1,14.2,14.2,14.2,14.3,14.4,14.4,14.5,14.5,14.4,14.2
Syrian Arab Republic,SYR,"Mortality rate, under-5 (per 1,000 live births)",SH.DYN.MORT,171.1,162.6,154.7,147.2,140.3,133.6,127.1,120.9,114.8,108.9,103.3,97.9,92.8,88.1,83.5,79.2,75.2,71.3,67.6,64.1,60.8,57.7,54.7,52,49.5,47.1,44.9,42.8,40.9,39,37.3,35.6,34,32.5,31,29.6,28.2,26.9,25.7,24.5,23.4,22.4,21.4,20.5,19.6,18.8,18,17.2,16.6,16.2,16,16.2,17.7,17.6,17.5,17.2,17.5,17
Turks and Caicos Islands,TCA,"Mortality rate, under-5 (per 1,000 live births)",SH.DYN.MORT,,,,,,,,,,,,,,,,,,,,,,,,,,,,,,,,,,,,,,,,,,,,,,,,,,,,,,,,,,
Chad,TCD,"Mortality rate, under-5 (per 1,000 live births)",SH.DYN.MORT,,,,,,,,,,,,,250,248.8,247.5,246.2,245,243.5,242.2,240.6,238.8,236.9,234.6,232.1,229.5,226.8,224.1,221.2,218.4,215.6,212.8,210,207.3,204.9,202.5,200.4,198.2,195.7,192.8,189.8,186.5,183.3,180,176.5,173.2,169.7,166.2,162.3,158.4,154.4,150.2,146.1,142.2,138.4,134.7,130.8,126.9,123.2
East Asia & Pacific (IDA & IBRD countries),TEA,"Mortality rate, under-5 (per 1,000 live births)",SH.DYN.MORT,,,,,,,,,,,,,,,,,,,,,,,,,,,,,,,59.88454179,58.67584243,57.29179599,55.60880148,53.84548756,51.91956864,50.02531763,48.11882959,46.14619537,44.14931174,42.01122661,39.74248161,37.40739468,35.16410564,33.98143259,30.9320784,29.05459503,27.29216593,26.52540078,24.3409618,23.04396207,21.83495985,20.73425618,19.73206094,18.83909653,18.0277905,17.27892391,16.59648206
Europe & Central Asia (IDA & IBRD countries),TEC,"Mortality rate, under-5 (per 1,000 live births)",SH.DYN.MORT,,,,,,,,,,,,,,,,,,,,,,,,,,,,,,,44.52002514,44.16386963,44.02729379,43.84098102,43.39699754,42.57295415,41.33397568,39.81082771,38.04980595,36.1495772,34.18872695,32.20892652,30.25791988,28.35600283,26.57910851,24.93134062,23.3908997,21.99817821,20.67377724,19.51278464,18.49045883,17.52531668,16.62090715,15.77693235,14.93665364,14.11095575,13.31036218,12.62276299
Togo,TGO,"Mortality rate, under-5 (per 1,000 live births)",SH.DYN.MORT,269.6,264.9,260.3,255.9,251.3,246.8,242.1,237.5,232.8,228,223.1,218.3,213.5,208.6,203.9,199.3,194.7,190.1,185.6,181.3,177.2,173.2,169.3,165.6,162.1,158.8,155.8,153.1,150.6,148.3,146.1,144,142.1,140.1,137.8,135.4,132.8,130,127,123.9,120.6,117.3,114.1,110.8,107.7,104.6,101.7,98.7,95.9,93.1,90.4,87.7,85.1,82.6,80.1,77.7,75.3,72.9
Thailand,THA,"Mortality rate, under-5 (per 1,000 live births)",SH.DYN.MORT,146.5,141.4,136.3,131.4,126.6,121.8,117.1,112.5,107.8,103.2,98.6,94,89.6,85.3,81.2,77.3,73.6,70,66.8,63.6,60.7,57.9,55.2,52.7,50.2,47.8,45.5,43.3,41.1,38.9,36.9,34.9,33.1,31.3,29.7,28.2,26.8,25.5,24.2,23,21.8,20.8,19.7,18.8,17.9,17,16.2,15.4,14.7,14,13.3,12.7,12.1,11.5,11,10.4,10,9.5
Tajikistan,TJK,"Mortality rate, under-5 (per 1,000 live births)",SH.DYN.MORT,,,,,,,,,,,,,157.2,151.7,146.5,141.8,137.8,134.8,132.7,131.4,130.5,129.7,128.8,126.9,124,120,115.4,110.4,106.3,104.3,104.9,107.6,111.8,115.7,117.2,115.4,111.5,106.5,100.7,94.3,87.6,80.9,74.2,68.1,62.5,57.7,53.6,50.2,47.3,44.8,42.8,41,39.5,38.2,37,35.8,34.6,33.6
Turkmenistan,TKM,"Mortality rate, under-5 (per 1,000 live births)",SH.DYN.MORT,,,,,,,,,,,,,,,,,,136.9,131.9,127,122.3,117.7,113.2,108.6,104,99.7,95.6,92,88.7,86.2,84.4,83.7,83.6,84,84.8,85.4,85.7,85.5,84.5,82.8,80.7,78.4,76.2,74,71.9,69.7,67.6,65.6,63.6,61.4,59.4,57.5,55.8,54,52.2,50.5,48.8,47.3
Latin America & the Caribbean (IDA & IBRD countries),TLA,"Mortality rate, under-5 (per 1,000 live births)",SH.DYN.MORT,,,,,,,,,,,,,,,,,,,,,,,,,,,,,,,55.48038832,53.10223666,50.685711,48.27862208,45.9327757,43.59576073,41.33798375,39.17816708,37.50162213,35.37160198,33.29690254,31.56963868,30.00033149,28.51160062,27.14744059,25.88628366,24.76247377,23.72779541,22.8211193,21.96035465,24.38596939,20.49622177,19.91510825,19.35126079,18.8738967,18.459353,18.40505301,17.8121575
Timor-Leste,TLS,"Mortality rate, under-5 (per 1,000 live births)",SH.DYN.MORT,,,,,,,,,,,,,,,,,,,,,,,,,,218.4,208.5,199,190.1,181.5,173.5,165.9,158.8,151.8,144.9,138.3,132,125.9,119.9,114,108.3,102.7,97.2,91.8,86.7,81.7,76.8,72.4,68.6,65.2,62.2,59.6,57.2,55.1,52.9,51.2,49.4,47.6
Middle East & North Africa (IDA & IBRD countries),TMN,"Mortality rate, under-5 (per 1,000 live births)",SH.DYN.MORT,,,,,,,,,,,,,,,,,,,,,,,,,,,,,,,69.04082444,66.37762065,63.87699335,61.5000467,59.13354843,56.8044898,54.54195064,52.34133204,50.15785634,48.0451242,45.99896997,44.00995442,42.10023738,40.22589259,38.47250111,36.79199993,35.17529112,33.63394438,32.16110485,30.87499163,29.7523645,28.89501258,28.18680073,27.46533326,26.83593373,26.20583784,25.68589068,25.12857651
Tonga,TON,"Mortality rate, under-5 (per 1,000 live births)",SH.DYN.MORT,,,,79,74.2,69.7,65.3,61.1,57,53.1,49.6,46.4,43.6,41.1,38.9,37,35.2,33.6,32.1,30.8,29.6,28.5,27.7,26.9,26.2,25.7,25.1,24.5,23.8,23,22.1,21.3,20.6,19.9,19.4,19,18.7,18.4,18.1,17.8,17.5,17.2,16.9,16.7,16.6,16.5,16.6,16.7,16.9,17.1,17.4,17.5,17.5,17.3,17.1,16.7,16.4,16
South Asia (IDA & IBRD),TSA,"Mortality rate, under-5 (per 1,000 live births)",SH.DYN.MORT,,,,,,,,,,,,,,,,,,,,,,,,,,,,,,,129.417889,125.7349505,122.2153001,118.7087182,115.2754106,111.7986274,108.25285,104.66211,101.006535,97.37710884,93.78506715,90.24651148,86.82605523,83.52870362,80.43415541,77.17792092,74.10088234,71.14036485,68.15210791,65.32650222,62.45336715,59.67157394,57.01441546,54.34633765,51.73936953,49.28299344,46.89541769,44.76608911
Sub-Saharan Africa (IDA & IBRD countries),TSS,"Mortality rate, under-5 (per 1,000 live births)",SH.DYN.MORT,,,,,,,,,,,,,,,,,,,,,,,,,,,,,,,180.2085264,178.6520039,177.0837754,175.5476169,174.7908537,172.039185,168.8117184,166.0161596,162.661626,158.2276967,153.5737531,148.4207137,142.9672761,137.3536389,131.7194934,126.1337554,120.7818478,115.4896668,110.3603939,105.4002195,100.8468192,96.28964105,92.02526307,88.1717776,84.68091981,81.33810958,78.25628133,75.458016
Trinidad and Tobago,TTO,"Mortality rate, under-5 (per 1,000 live births)",SH.DYN.MORT,67.1,64.8,62.6,60.6,58.7,57.1,55.7,54.4,53.3,52.3,51.2,50.2,49.2,48.2,47.1,45.9,44.7,43.5,42.3,41,39.9,38.8,37.7,36.8,35.9,35.1,34.5,33.9,33.5,33,32.7,32.5,32.4,32.3,32.3,32.4,32.4,32.5,32.6,32.7,32.7,32.8,32.8,32.9,32.9,32.9,32.9,32.8,32.4,32,31.4,30.7,30,29.2,28.5,27.7,26.9,26.1
Tunisia,TUN,"Mortality rate, under-5 (per 1,000 live births)",SH.DYN.MORT,,,271.4,258.7,246.6,234.5,222.7,210.9,199.6,188.8,178.8,169.3,160.2,151.4,142.6,133.9,125.2,116.9,109,101.8,95.3,89.5,84.4,79.7,75.2,71.1,67.4,64.2,61.3,58.6,56.3,54.1,51.9,49.6,47.1,44.5,41.9,39.1,36.5,34,31.7,29.7,27.8,26.1,24.5,23.1,21.8,20.5,19.4,18.3,17.4,16.5,15.8,15.1,14.5,14,13.5,13
Turkey,TUR,"Mortality rate, under-5 (per 1,000 live births)",SH.DYN.MORT,258.7,250.8,242.8,234.7,227.1,219.7,212.7,206,199.6,193.5,187.6,181.6,175.7,169.8,163.8,157.7,151.6,145.5,139.4,133.4,127.4,121.4,115.4,109.5,103.8,98.4,93,87.9,83.1,78.4,74,69.8,65.8,62,58.3,54.8,51.4,48.1,45,42,39.2,36.6,34.1,31.7,29.5,27.5,25.6,23.8,22.1,20.6,19.2,17.9,16.6,15.5,14.4,13.4,12.5,11.6
Tuvalu,TUV,"Mortality rate, under-5 (per 1,000 live births)",SH.DYN.MORT,,,,,,,,,,,,,,,,82.5,79.1,75.9,73,70.4,68,65.8,64,62.4,61.2,60.2,59.3,58.7,58.2,57.6,56.9,56.1,55,53.8,52.4,50.8,49,47.1,45.3,43.5,41.9,40.5,39.2,38.1,37.1,36.1,35.1,34.1,33.1,32.2,31.1,30.1,29.2,28.3,27.4,26.6,25.7,24.9
Tanzania,TZA,"Mortality rate, under-5 (per 1,000 live births)",SH.DYN.MORT,242.3,240.1,237.6,235,232.3,229.1,225.9,222.5,219.1,215.8,212.6,209.2,205.8,202.1,198,193.8,189.6,185.5,181.9,178.9,176.9,176,175.9,176.1,176.2,175.6,174.3,172.3,169.9,167.5,165.5,163.8,162.2,160.7,158.9,156.6,153.5,149.4,144.1,137.7,130.4,122.6,114.7,107.2,100.5,94.3,89.3,84.7,80.5,76.9,73.4,69.5,66.2,63.6,61.3,58.3,56.1,54
Uganda,UGA,"Mortality rate, under-5 (per 1,000 live births)",SH.DYN.MORT,222.6,217.8,213.5,209.4,205.4,201.7,198.1,194.8,192.1,189.8,188.5,188.3,188.9,190.8,193.6,197.1,201.1,205.2,208.6,211,212.5,211.2,207.3,202,196.6,192.3,189.2,187.2,185.8,184.1,181.2,177.6,173.8,170.3,167.2,164.6,162.1,159.4,156,151.6,146,139.5,132.1,124.4,116.5,108.8,101.6,94.9,88.8,83.4,78,73,67.3,62.7,59,55.3,51.6,49
Ukraine,UKR,"Mortality rate, under-5 (per 1,000 live births)",SH.DYN.MORT,,,,,,,,,,,,33.9,32.7,31.6,30.7,29.9,29.3,28.7,28.1,27.6,26.9,26.1,25.2,24.3,23.3,22.3,21.4,20.7,20,19.6,19.4,19.4,19.5,19.8,20.1,20.4,20.4,20.3,19.9,19.3,18.5,17.6,16.8,15.9,15.2,14.5,13.9,13.4,12.9,12.3,11.7,11.2,10.7,10.2,9.8,9.4,9.1,8.8
Upper middle income,UMC,"Mortality rate, under-5 (per 1,000 live births)",SH.DYN.MORT,,,,,,,,,,,,,,,,,,,,,,,,,,,,,,,52.1,50.9,49.6,48,46.3,44.6,42.8,41,39.2,37.5,35.6,33.7,31.8,29.9,28.1,26.3,24.7,23.1,21.7,20.3,19.2,18.1,17.2,16.3,15.5,14.9,14.4,13.7
Uruguay,URY,"Mortality rate, under-5 (per 1,000 live births)",SH.DYN.MORT,64,62.6,61,59.6,58.6,58,57.6,57.2,56.6,55.4,54.2,53.4,53.6,54.2,55,55.4,54.6,52.3,48.7,44.3,39.9,36.1,33.2,31.1,29.7,28.7,27.6,26.4,25.1,23.9,23,22.3,21.8,21.4,21,20.6,20,19.2,18.4,17.6,17,16.6,16.2,15.8,15.2,14.4,13.5,12.7,11.9,11.2,10.7,10.2,9.9,9.6,9.3,8.9,8.6,8.2
United States,USA,"Mortality rate, under-5 (per 1,000 live births)",SH.DYN.MORT,30.1,29.5,28.9,28.3,27.7,27.1,26.4,25.7,24.9,24.1,23.3,22.4,21.5,20.6,19.7,18.8,17.9,17.1,16.3,15.6,15,14.4,13.9,13.4,13,12.7,12.4,12.1,11.9,11.6,11.2,10.9,10.5,10.1,9.8,9.5,9.2,8.9,8.7,8.6,8.4,8.3,8.2,8.1,8.1,8,7.9,7.7,7.6,7.5,7.3,7.2,7.1,7,6.9,6.8,6.7,6.6
Uzbekistan,UZB,"Mortality rate, under-5 (per 1,000 live births)",SH.DYN.MORT,,,,,,,,,,,,,,,,,,,,123.9,116.3,108.9,101.9,95.7,90.1,85.2,81,77.6,74.9,73.1,72.1,71.7,71.6,71.2,70.7,70,69.1,68,66.4,64.5,62.3,59.8,57.1,54.4,51.7,49,46.3,43.7,41.1,38.6,36.2,33.8,31.6,29.5,27.5,25.6,23.9,22.5
St. Vincent and the Grenadines,VCT,"Mortality rate, under-5 (per 1,000 live births)",SH.DYN.MORT,,,,,,,,,,63.1,66.3,69.6,72.5,74.5,75.3,74.4,71.7,67.8,63,58,53.2,48.6,44.4,40.4,36.8,33.6,30.9,28.7,26.8,25.4,24.3,23.5,22.9,22.5,22.4,22.4,22.4,22.5,22.5,22.5,22.5,22.4,22.3,22.3,22.3,22.3,22.2,22,21.7,21.3,20.8,20.1,19.5,18.8,18.1,17.4,16.8,16.2
"Venezuela, RB",VEN,"Mortality rate, under-5 (per 1,000 live births)",SH.DYN.MORT,79.5,76.8,74.4,72.5,70.8,69.4,68.1,66.8,65.4,63.9,62.3,60.5,58.7,56.9,55.2,53.4,51.7,49.9,47.9,46,44.1,42.2,40.5,38.9,37.5,36.2,34.9,33.6,32.2,30.9,29.6,28.6,27.8,27.2,26.8,26.3,25.5,24.5,23.5,27.6,21.7,21,20.4,19.8,19.2,18.5,17.9,17.4,17,16.8,16.6,16.6,17,17.9,19.7,22.5,26.4,30.9
British Virgin Islands,VGB,"Mortality rate, under-5 (per 1,000 live births)",SH.DYN.MORT,,,,,,,,,,,,,,,,,,,,,,,,,,,,,,,,,,,,,,,,,,,,,,,,,,,,,,,,,,
Virgin Islands (U.S.),VIR,"Mortality rate, under-5 (per 1,000 live births)",SH.DYN.MORT,,,,,,,,,,,,,,,,,,,,,,,,,,,,,,,,,,,,,,,,,,,,,,,,,,,,,,,,,,
Vietnam,VNM,"Mortality rate, under-5 (per 1,000 live births)",SH.DYN.MORT,,,,,85.6,85,84.4,83.7,83.1,82.5,81.8,81,80,79,77.8,76.4,74.9,73.3,71.6,70,68.3,66.7,65.3,64,62.7,61.4,59.9,58.2,56.2,53.9,51.5,49.1,46.5,44,41.5,39.1,36.9,34.8,32.9,31.2,29.7,28.4,27.3,26.3,25.5,24.8,24.3,23.9,23.5,23.2,22.9,22.7,22.4,22.2,21.9,21.6,21.3,20.9
Vanuatu,VUT,"Mortality rate, under-5 (per 1,000 live births)",SH.DYN.MORT,153.4,149.5,145.3,140.7,136.3,131.5,126.8,122,117.3,112.5,108.1,103.7,99.5,95.6,91.7,88,84.5,80.8,76.9,72.8,68.6,64.2,59.9,55.6,51.6,47.8,44.6,41.8,39.4,37.3,35.6,34.2,32.9,31.9,31.1,30.4,29.9,34.1,29.2,28.9,28.6,28.4,28.2,28.2,28.2,28.3,28.5,28.6,28.8,29,29.1,29.3,29.3,29.1,28.7,28.2,27.6,26.9
World,WLD,"Mortality rate, under-5 (per 1,000 live births)",SH.DYN.MORT,,,,,,,,,,,,,,,,,,,,,,,,,,,,,,,93.2,92,90.8,89.6,88.6,87.1,85.4,83.7,81.8,79.5,77.1,74.5,71.7,69,66.5,63.5,60.9,58.3,56,53.5,51.5,49.1,47.1,45.2,43.5,41.9,40.5,39.1
Samoa,WSM,"Mortality rate, under-5 (per 1,000 live births)",SH.DYN.MORT,,,,,,,,,,,,,,,,,,,,,,,,,38.2,36.6,35.1,33.8,32.5,31.4,30.5,29.5,28.6,27.6,26.7,25.8,24.9,24.1,23.3,22.5,21.8,21.2,20.6,20.1,19.8,19.4,19.2,19,18.9,24.2,18.6,18.5,18.4,18.1,17.7,17.3,16.9,16.5
Kosovo,XKX,"Mortality rate, under-5 (per 1,000 live births)",SH.DYN.MORT,,,,,,,,,,,,,,,,,,,,,,,,,,,,,,,,,,,,,,,,,,,,,,,,,,,,,,,,,,
"Yemen, Rep.",YEM,"Mortality rate, under-5 (per 1,000 live births)",SH.DYN.MORT,,,,,393.4,384.1,373.8,362.3,350.4,338,325.9,313.7,302.3,291.2,280.4,269.1,257.2,244.9,232.3,219.9,207.3,194.9,183.1,172.2,162.3,153.7,146.5,140.3,134.8,130.1,126,122.4,119.3,116.6,114.2,111.9,109.6,106.9,103.6,99.6,95.2,90.6,85.9,81.3,76.9,72.7,68.7,64.9,61.3,58.4,56.4,55.5,55.4,55.4,55.4,55.4,55.4,55.4
South Africa,ZAF,"Mortality rate, under-5 (per 1,000 live births)",SH.DYN.MORT,,,,,,,,,,,,,,,129.5,122.7,116.2,110.1,104.3,98.8,93.8,89,84.6,80.6,76.9,73.5,70.3,67.4,64.9,62.7,60.9,59.7,59.3,59.7,61,63.2,66.1,69.2,72.5,75.6,78.4,80.9,83,84.3,84.6,84,81.5,75.4,69.6,62.3,59.3,51.2,47.1,43.6,41.3,40.3,38.5,37.1
Zambia,ZMB,"Mortality rate, under-5 (per 1,000 live births)",SH.DYN.MORT,205.7,201.6,197.9,194.9,192.4,190.5,189.3,188.3,187.1,184.7,181.1,176.2,170.6,165,160.4,157.1,155.2,154.7,155.1,155.6,156.6,157.8,159.3,161.7,165,169.2,173.6,177.5,180.9,183.4,185,185.9,186.2,185.7,184,181.8,179.6,177.6,175.2,171.3,165.1,155.9,144.3,132.7,121.6,111.6,103.3,98.1,93.3,88,82.4,78.6,74.9,71.6,68,64.9,62.4,60
Zimbabwe,ZWE,"Mortality rate, under-5 (per 1,000 live births)",SH.DYN.MORT,150.4,145.9,141.3,136.7,132.2,127.8,123.8,120.1,117.2,115,113.3,112.1,111.3,110.9,110.8,110.8,110.7,110.4,109.6,108,105.2,101,95.9,90.6,85.5,81.2,77.9,75.8,75,75.6,77.5,80.7,84.8,89.3,93.8,98,101,102.7,103.2,102.6,101.8,100.8,100.1,99.4,99.4,99.6,100.3,99.4,96.9,92.7,87.5,81.2,73.8,66.8,61.1,57,53.3,50.3