Country Name,Country Code,Indicator Name,Indicator Code,1960,1961,1962,1963,1964,1965,1966,1967,1968,1969,1970,1971,1972,1973,1974,1975,1976,1977,1978,1979,1980,1981,1982,1983,1984,1985,1986,1987,1988,1989,1990,1991,1992,1993,1994,1995,1996,1997,1998,1999,2000,2001,2002,2003,2004,2005,2006,2007,2008,2009,2010,2011,2012,2013,2014,2015,2016,2017,2018
Aruba,ABW,People using at least basic sanitation services (% of population),SH.STA.BASS.ZS,,,,,,,,,,,,,,,,,,,,,,,,,,,,,,,,,,,,,,,,,98.32020997,98.25548257,98.19075516,98.12602776,98.06130035,97.99657295,97.93184555,97.86711814,97.80239074,97.73766333,97.67293593,97.60820852,97.54348112,97.54348112,97.54348112,97.54348112,,,
Afghanistan,AFG,People using at least basic sanitation services (% of population),SH.STA.BASS.ZS,,,,,,,,,,,,,,,,,,,,,,,,,,,,,,,,,,,,,,,,,23.89852171,23.92804665,24.96803163,26.01475796,27.0683159,28.12946646,29.19859454,30.27581674,31.36153802,32.45585491,33.55919242,34.67182137,35.79401257,36.92603682,38.06794051,39.22043325,,,
Angola,AGO,People using at least basic sanitation services (% of population),SH.STA.BASS.ZS,,,,,,,,,,,,,,,,,,,,,,,,,,,,,,,,,,,,,,,,,20.49325083,21.73159711,22.97491152,24.22200826,25.47410837,26.72881285,27.98814828,29.25132348,30.51835214,31.78762514,33.06118016,34.33781183,35.61386093,36.88768637,38.15968145,39.42942284,,,
Albania,ALB,People using at least basic sanitation services (% of population),SH.STA.BASS.ZS,,,,,,,,,,,,,,,,,,,,,,,,,,,,,,,,,,,,,,,,,88.32749596,89.09599786,89.89885962,90.6814152,91.4434871,92.18449956,92.90457284,93.60350875,94.28114857,94.93707232,95.57169999,96.18477032,96.77643318,97.31246795,97.67665857,97.69065534,,,
Andorra,AND,People using at least basic sanitation services (% of population),SH.STA.BASS.ZS,,,,,,,,,,,,,,,,,,,,,,,,,,,,,,,,,,,,,,,,,100,100,100,100,100,100,100,100,100,100,100,100,100,100,100,100,,,
Arab World,ARB,People using at least basic sanitation services (% of population),SH.STA.BASS.ZS,,,,,,,,,,,,,,,,,,,,,,,,,,,,,,,,,,,,,,,,,74.6350901,74.86819316,75.15708493,75.50529003,75.87001846,76.36292769,76.87934574,77.40834702,77.93577061,78.44576623,78.93041291,79.37319302,79.7980211,80.20958999,80.53679711,80.84542534,,,
United Arab Emirates,ARE,People using at least basic sanitation services (% of population),SH.STA.BASS.ZS,,,,,,,,,,,,,,,,,,,,,,,,,,,,,,,,,,,,,,,,,99.97561965,99.97574452,99.97586729,99.97598798,99.97610688,99.97622339,99.97633842,99.97644898,99.97655566,99.97665877,99.9767577,99.97685306,99.97694514,99.97703365,99.97711857,99.97720052,,,
Argentina,ARG,People using at least basic sanitation services (% of population),SH.STA.BASS.ZS,,,,,,,,,,,,,,,,,,,,,,,,,,,,,,,,,,,,,,,,,94.77629476,94.78649657,94.79780862,94.81028357,94.82395868,94.83882785,94.85485083,94.87199978,94.89024992,94.89517639,94.87316201,94.8520006,94.83164675,94.83445952,94.83720446,94.83988146,,,
Armenia,ARM,People using at least basic sanitation services (% of population),SH.STA.BASS.ZS,,,,,,,,,,,,,,,,,,,,,,,,,,,,,,,,,,,,,,,,,90.35967496,90.4204496,90.50567931,90.60030796,90.69495913,90.78963284,90.88419489,90.97891399,91.06204107,91.13353206,91.20503222,91.27667507,91.34832847,91.42328829,91.5013985,91.58276665,,,
American Samoa,ASM,People using at least basic sanitation services (% of population),SH.STA.BASS.ZS,,,,,,,,,,,,,,,,,,,,,,,,,,,,,,,,,,,,,,,,,62.65336597,62.61832937,62.58329277,62.54825618,62.51321958,62.47818298,62.44314639,62.40810979,62.37307319,62.3380366,62.303,62.2679634,62.23292681,62.23292681,62.23292681,62.23292681,,,
Antigua and Barbuda,ATG,People using at least basic sanitation services (% of population),SH.STA.BASS.ZS,,,,,,,,,,,,,,,,,,,,,,,,,,,,,,,,,,,,,,,,,82.40930841,82.80122949,83.19315056,83.58507164,83.97699271,84.36891379,84.76083486,85.15275594,85.54467701,85.93659809,86.32851916,86.72044024,87.11236131,87.50428238,87.50428238,87.50428238,,,
Australia,AUS,People using at least basic sanitation services (% of population),SH.STA.BASS.ZS,,,,,,,,,,,,,,,,,,,,,,,,,,,,,,,,,,,,,,,,,100,100,100,100,100,100,100,100,100,100,100,100,100,100,100,100,,,
Austria,AUT,People using at least basic sanitation services (% of population),SH.STA.BASS.ZS,,,,,,,,,,,,,,,,,,,,,,,,,,,,,,,,,,,,,,,,,99.99998238,99.99999066,99.99999893,99.99820257,99.9961385,99.99407406,99.99200936,99.9899442,99.98787866,99.98581274,99.98374669,99.98168005,99.97961304,99.97754087,99.97546187,99.97337503,,,
Azerbaijan,AZE,People using at least basic sanitation services (% of population),SH.STA.BASS.ZS,,,,,,,,,,,,,,,,,,,,,,,,,,,,,,,,,,,,,,,,,65.60368878,67.22481626,68.84079127,70.45204707,72.05836088,73.6595591,75.25583992,76.84735235,78.43378608,80.0153024,81.59313481,83.16687762,84.73612513,86.30047167,87.85951155,89.34908083,,,
Burundi,BDI,People using at least basic sanitation services (% of population),SH.STA.BASS.ZS,,,,,,,,,,,,,,,,,,,,,,,,,,,,,,,,,,,,,,,,,41.45096558,42.09093834,42.73143231,43.37256373,44.01436699,44.65687643,45.30005828,45.94401963,46.5886677,47.23423446,47.8805704,48.52778036,49.17590556,49.82498724,50.47506664,50.46031707,,,
Belgium,BEL,People using at least basic sanitation services (% of population),SH.STA.BASS.ZS,,,,,,,,,,,,,,,,,,,,,,,,,,,,,,,,,,,,,,,,,99.48330969,99.48367796,99.48404686,99.48441639,99.4847865,99.4851572,99.48552846,99.48590025,99.48607999,99.48607684,99.48607383,99.48607096,99.48606821,99.48606559,99.48606306,99.48606061,,,
Benin,BEN,People using at least basic sanitation services (% of population),SH.STA.BASS.ZS,,,,,,,,,,,,,,,,,,,,,,,,,,,,,,,,,,,,,,,,,9.968434492,10.21503219,10.46288887,10.71325215,10.96633914,11.22201291,11.48031214,11.74127548,12.00512576,12.27153475,12.54091086,12.8131086,13.08816662,13.36593226,13.64663264,13.93011225,,,
Burkina Faso,BFA,People using at least basic sanitation services (% of population),SH.STA.BASS.ZS,,,,,,,,,,,,,,,,,,,,,,,,,,,,,,,,,,,,,,,,,9.593210734,9.886293842,10.7983445,11.71228859,12.62908419,13.54681249,14.46641833,15.38760977,16.30385274,17.21468191,18.11888707,19.01681854,19.90769164,20.79075704,21.66566444,22.53208118,,,
Bangladesh,BGD,People using at least basic sanitation services (% of population),SH.STA.BASS.ZS,,,,,,,,,,,,,,,,,,,,,,,,,,,,,,,,,,,,,,,,,25.34631887,26.81044496,28.29689941,29.77700543,31.25033048,32.71629985,34.17520145,35.62662254,37.07017677,38.50550419,39.93267796,41.35120257,42.75990112,44.15827097,45.54657005,46.92459323,,,
Bulgaria,BGR,People using at least basic sanitation services (% of population),SH.STA.BASS.ZS,,,,,,,,,,,,,,,,,,,,,,,,,,,,,,,,,,,,,,,,,85.82735317,85.83553487,85.84650274,85.85729606,85.86806073,85.87873545,85.88932018,85.89984556,85.91031158,85.92068755,85.93100411,85.94123058,85.95136694,85.96138247,85.97130783,85.98111231,,,
Bahrain,BHR,People using at least basic sanitation services (% of population),SH.STA.BASS.ZS,,,,,,,,,,,,,,,,,,,,,,,,,,,,,,,,,,,,,,,,,99.84785985,99.86290668,99.87795351,99.89300034,99.90804716,99.92309399,99.93814082,99.95318765,99.96823447,99.9832813,99.99832813,100,100,100,100,100,,,
"Bahamas, The",BHS,People using at least basic sanitation services (% of population),SH.STA.BASS.ZS,,,,,,,,,,,,,,,,,,,,,,,,,,,,,,,,,,,,,,,,,88.59268768,88.87756344,89.16243919,89.44731495,89.73219071,90.01706646,90.30194222,90.58681798,90.87169374,91.15656949,91.44144525,91.72632101,92.01119677,92.01119677,92.01119677,92.01119677,,,
Bosnia and Herzegovina,BIH,People using at least basic sanitation services (% of population),SH.STA.BASS.ZS,,,,,,,,,,,,,,,,,,,,,,,,,,,,,,,,,,,,,,,,,94.9230497,94.90949361,94.89590174,94.88233373,94.86867117,94.85497283,94.84123873,94.82746885,94.81506862,94.80402954,94.79440525,94.78631585,94.77981757,94.77489846,94.7716812,94.78209924,,,
Belarus,BLR,People using at least basic sanitation services (% of population),SH.STA.BASS.ZS,,,,,,,,,,,,,,,,,,,,,,,,,,,,,,,,,,,,,,,,,94.98285939,94.96618665,94.94965141,94.93328806,94.86530256,94.79948126,94.73579216,94.67420327,94.61465887,94.55719811,94.50169841,94.44829638,94.39688487,94.34741293,94.29979926,94.25397986,,,
Belize,BLZ,People using at least basic sanitation services (% of population),SH.STA.BASS.ZS,,,,,,,,,,,,,,,,,,,,,,,,,,,,,,,,,,,,,,,,,82.56469238,82.86645192,83.1686681,83.47118051,83.7740697,84.0774912,84.38120962,84.68530344,84.98977264,85.29469221,85.59998578,85.9074196,86.21687073,86.52836339,86.84184753,87.1572023,,,
Bermuda,BMU,People using at least basic sanitation services (% of population),SH.STA.BASS.ZS,,,,,,,,,,,,,,,,,,,,,,,,,,,,,,,,,,,,,,,,,99.99414291,99.98655933,99.97897576,99.97139218,99.96380861,99.95622504,99.94864146,99.94105789,99.93347431,99.92589074,99.91830717,99.91072359,99.90314002,99.90314002,99.90314002,99.90314002,,,
Bolivia,BOL,People using at least basic sanitation services (% of population),SH.STA.BASS.ZS,,,,,,,,,,,,,,,,,,,,,,,,,,,,,,,,,,,,,,,,,38.25298092,39.20269278,40.1549854,41.10848884,42.0631574,43.0185991,43.97545781,44.93299219,45.89114743,46.85022717,47.80982421,48.76988372,49.7307185,50.69154152,51.65266254,52.61402673,,,
Brazil,BRA,People using at least basic sanitation services (% of population),SH.STA.BASS.ZS,,,,,,,,,,,,,,,,,,,,,,,,,,,,,,,,,,,,,,,,,73.26125386,74.1856018,75.08840025,75.98362645,76.87096068,77.75053667,78.62289697,79.48814856,80.3463984,81.19698925,82.04082794,82.87838575,83.70725528,84.52839688,85.34202449,86.14835205,,,
Barbados,BRB,People using at least basic sanitation services (% of population),SH.STA.BASS.ZS,,,,,,,,,,,,,,,,,,,,,,,,,,,,,,,,,,,,,,,,,87.85740562,88.4715982,89.08579077,89.69998335,90.31417593,90.9283685,91.54256108,92.15675365,92.77094623,93.38513881,93.99933138,94.61352396,95.22771654,95.84190911,96.45610169,96.45610169,,,
Brunei Darussalam,BRN,People using at least basic sanitation services (% of population),SH.STA.BASS.ZS,,,,,,,,,,,,,,,,,,,,,,,,,,,,,,,,,,,,,,,,,,,,,,,,96.36770711,96.36247152,96.35740567,96.3524965,96.34777011,96.34318735,96.33877431,96.33451796,96.33040522,,,
Bhutan,BTN,People using at least basic sanitation services (% of population),SH.STA.BASS.ZS,,,,,,,,,,,,,,,,,,,,,,,,,,,,,,,,,,,,,,,,,53.18870819,53.49246603,54.33304325,55.15993036,55.97256908,56.75874363,57.43202288,58.0930819,58.74162956,59.37674956,59.99863548,60.6070253,61.19843003,61.77260295,62.32989343,62.87050065,,,
Botswana,BWA,People using at least basic sanitation services (% of population),SH.STA.BASS.ZS,,,,,,,,,,,,,,,,,,,,,,,,,,,,,,,,,,,,,,,,,54.31117982,54.94147939,55.37395927,55.77667812,56.1792406,56.58054649,56.98169599,57.38232238,57.78242566,58.1816447,58.57998287,58.97816129,59.37581884,59.77545193,59.86425262,59.95590634,,,
Central African Republic,CAF,People using at least basic sanitation services (% of population),SH.STA.BASS.ZS,,,,,,,,,,,,,,,,,,,,,,,,,,,,,,,,,,,,,,,,,15.01926145,15.7940575,16.57208476,17.35316623,18.13730191,18.92935368,19.73003847,20.54061341,21.36175819,22.19476718,23.04064605,23.90040045,24.77503603,24.87194902,24.97566995,25.08699975,,,
Canada,CAN,People using at least basic sanitation services (% of population),SH.STA.BASS.ZS,,,,,,,,,,,,,,,,,,,,,,,,,,,,,,,,,,,,,,,,,98.5,98.5,98.5,98.5,98.5,98.5,98.5,98.5,98.5,98.5,98.5,98.5,98.5,98.5,98.5,98.5,,,
Central Europe and the Baltics,CEB,People using at least basic sanitation services (% of population),SH.STA.BASS.ZS,,,,,,,,,,,,,,,,,,,,,,,,,,,,,,,,,,,,,,,,,91.29549361,91.66289827,92.04541329,92.41359203,92.78572232,93.1621964,91.13062002,91.46886708,91.81457364,92.14473833,92.46612477,92.78203233,93.10186366,93.42172563,93.74363725,94.07009132,,,
Switzerland,CHE,People using at least basic sanitation services (% of population),SH.STA.BASS.ZS,,,,,,,,,,,,,,,,,,,,,,,,,,,,,,,,,,,,,,,,,99.89987314,99.89966866,99.89903939,99.89841191,99.89778624,99.89716236,99.89654027,99.89591998,99.89530149,99.8946846,99.89406967,99.89345655,99.89284521,99.8922386,99.8916371,99.89104203,,,
Channel Islands,CHI,People using at least basic sanitation services (% of population),SH.STA.BASS.ZS,,,,,,,,,,,,,,,,,,,,,,,,,,,,,,,,,,,,,,,,,,,,,,,,,,98.5,98.5,98.5,98.5,98.5,98.5,98.5,,,
Chile,CHL,People using at least basic sanitation services (% of population),SH.STA.BASS.ZS,,,,,,,,,,,,,,,,,,,,,,,,,,,,,,,,,,,,,,,,,91.85634379,92.4984855,93.12847527,93.7452128,94.34974177,94.94256987,95.5240308,96.09484386,96.6556531,97.20679224,97.74876896,98.28225089,98.80757173,99.23287396,99.75843158,99.8882097,,,
China,CHN,People using at least basic sanitation services (% of population),SH.STA.BASS.ZS,,,,,,,,,,,,,,,,,,,,,,,,,,,,,,,,,,,,,,,,,60.57847386,61.12021768,62.12241407,63.1285815,64.138189,65.14943047,66.15157648,67.14899241,68.14780258,69.14596421,70.14449178,71.1423661,72.13148371,73.11035876,74.07902865,75.03727856,,,
Cote d'Ivoire,CIV,People using at least basic sanitation services (% of population),SH.STA.BASS.ZS,,,,,,,,,,,,,,,,,,,,,,,,,,,,,,,,,,,,,,,,,22.3775161,22.85816702,23.34082686,23.82487884,24.31032644,24.79623397,25.28385429,25.80430212,26.32627402,26.84851187,27.36880027,27.88712344,28.40251415,28.91526912,29.42505076,29.93183806,,,
Cameroon,CMR,People using at least basic sanitation services (% of population),SH.STA.BASS.ZS,,,,,,,,,,,,,,,,,,,,,,,,,,,,,,,,,,,,,,,,,39.77688038,39.67779863,39.58491788,39.49795567,39.41724128,39.34184304,39.27239611,39.20726812,39.14707081,39.09076018,39.03895266,38.99091009,38.94656228,38.90583899,38.86903206,38.83498513,,,
"Congo, Dem. Rep.",COD,People using at least basic sanitation services (% of population),SH.STA.BASS.ZS,,,,,,,,,,,,,,,,,,,,,,,,,,,,,,,,,,,,,,,,,22.36225675,22.17339414,21.98618205,21.80063561,21.61676995,21.43463437,21.25428493,21.07570927,20.89900602,20.72408271,20.55099707,20.37981351,20.21046537,20.04296776,19.87738512,19.71368663,,,
"Congo, Rep.",COG,People using at least basic sanitation services (% of population),SH.STA.BASS.ZS,,,,,,,,,,,,,,,,,,,,,,,,,,,,,,,,,,,,,,,,,12.69947626,12.75537299,12.91647609,13.07894929,13.24278205,13.40796383,13.57448408,13.74246408,13.91149788,14.08169974,14.25305382,14.42540552,14.59873373,14.77315973,14.94837952,15.00932852,,,
Colombia,COL,People using at least basic sanitation services (% of population),SH.STA.BASS.ZS,,,,,,,,,,,,,,,,,,,,,,,,,,,,,,,,,,,,,,,,,75.79398565,76.42609965,77.04992778,77.66554514,78.27332729,78.87273587,79.46415897,80.04767169,80.62334912,81.19126635,81.75149849,82.30412063,82.84900753,83.38645966,83.91655212,84.4391972,,,
Comoros,COM,People using at least basic sanitation services (% of population),SH.STA.BASS.ZS,,,,,,,,,,,,,,,,,,,,,,,,,,,,,,,,,,,,,,,,,26.840416,27.35330205,27.86611185,28.37867206,28.8913285,29.40635982,29.92345052,30.44298542,30.96482322,31.48899773,32.01572213,32.54467228,33.07642279,33.61046662,34.14720071,34.16603722,,,
Cabo Verde,CPV,People using at least basic sanitation services (% of population),SH.STA.BASS.ZS,,,,,,,,,,,,,,,,,,,,,,,,,,,,,,,,,,,,,,,,,37.4888486,39.64039181,41.78526924,43.92270008,46.0532497,48.17591443,50.29151989,52.39935257,54.50021568,56.59269337,58.67783792,60.75078914,62.81183853,64.40784205,64.81787381,65.20696389,,,
Costa Rica,CRI,People using at least basic sanitation services (% of population),SH.STA.BASS.ZS,,,,,,,,,,,,,,,,,,,,,,,,,,,,,,,,,,,,,,,,,94.17395287,94.41873843,94.65690425,94.88828771,95.11300237,95.33081059,95.54203309,95.74669369,95.94483307,96.13640845,96.3217949,96.50096646,96.67283552,96.83776802,96.9961695,97.1485496,,,
Caribbean small states,CSS,People using at least basic sanitation services (% of population),SH.STA.BASS.ZS,,,,,,,,,,,,,,,,,,,,,,,,,,,,,,,,,,,,,,,,,84.2020886,84.42498298,84.61813863,84.83631325,85.0671152,85.29525727,85.52287521,85.75015539,85.97682777,86.2026491,86.42210818,86.6393132,86.81507124,86.98077155,87.1063885,87.17237335,,,
Cuba,CUB,People using at least basic sanitation services (% of population),SH.STA.BASS.ZS,,,,,,,,,,,,,,,,,,,,,,,,,,,,,,,,,,,,,,,,,89.16709388,89.30046935,89.43087215,89.55133225,89.66305804,89.77357591,89.882992,89.99130631,90.09851885,90.20455899,90.30950921,90.41336949,90.51613984,90.61777335,90.71861568,90.81850737,,,
Curacao,CUW,People using at least basic sanitation services (% of population),SH.STA.BASS.ZS,,,,,,,,,,,,,,,,,,,,,,,,,,,,,,,,,,,,,,,,,,,,,,,,98.81862531,98.81862531,98.81862531,98.81862531,98.81862531,98.81862531,98.81862531,98.81862531,98.81862531,,,
Cayman Islands,CYM,People using at least basic sanitation services (% of population),SH.STA.BASS.ZS,,,,,,,,,,,,,,,,,,,,,,,,,,,,,,,,,,,,,,,,,,95.55,95.55,95.55,95.55,95.55,95.55,95.55,95.55,95.55,95.55,95.55,95.55,95.55,95.55,95.55,,,
Cyprus,CYP,People using at least basic sanitation services (% of population),SH.STA.BASS.ZS,,,,,,,,,,,,,,,,,,,,,,,,,,,,,,,,,,,,,,,,,100,100,100,100,99.96717922,99.91759236,99.86395089,99.81003178,99.75583502,99.70135468,99.64659474,99.59154734,99.53621841,99.48077508,99.42523446,99.36966086,,,
Czech Republic,CZE,People using at least basic sanitation services (% of population),SH.STA.BASS.ZS,,,,,,,,,,,,,,,,,,,,,,,,,,,,,,,,,,,,,,,,,99.13971169,99.13958085,99.1393636,99.13914524,99.13892386,99.13869946,99.13847203,99.13824337,99.13800987,99.13777509,99.13753552,99.13729463,99.13705067,99.13677881,99.13648168,99.13616018,,,
Germany,DEU,People using at least basic sanitation services (% of population),SH.STA.BASS.ZS,,,,,,,,,,,,,,,,,,,,,,,,,,,,,,,,,,,,,,,,,99.21238396,99.21252274,99.21270678,99.21288479,99.21305375,99.21325287,99.21367225,99.21427868,99.21488209,99.21547947,99.21607686,99.21667122,99.21727463,99.21788408,99.21849956,99.2191241,,,
Djibouti,DJI,People using at least basic sanitation services (% of population),SH.STA.BASS.ZS,,,,,,,,,,,,,,,,,,,,,,,,,,,,,,,,,,,,,,,,,50.97559602,50.99842371,51.0212514,51.04407909,51.06690679,51.08923822,51.11206592,51.13489361,51.1577213,51.18005274,51.20585795,51.23414444,51.26590471,51.30014625,51.33786157,51.37805815,,,
Dominica,DMA,People using at least basic sanitation services (% of population),SH.STA.BASS.ZS,,,,,,,,,,,,,,,,,,,,,,,,,,,,,,,,,,,,,,,,,64.03242327,65.29245402,66.55248477,67.81251551,69.07254626,70.33257701,71.59260776,72.8526385,74.11266925,75.3727,76.63273075,77.8927615,77.8927615,77.8927615,77.8927615,77.8927615,,,
Denmark,DNK,People using at least basic sanitation services (% of population),SH.STA.BASS.ZS,,,,,,,,,,,,,,,,,,,,,,,,,,,,,,,,,,,,,,,,,99.59724064,99.59724044,99.59724004,99.59723959,99.59723876,99.59723758,99.5972366,99.59723581,99.59723502,99.59723435,99.59723378,99.59723312,99.59723237,99.59723163,99.59723091,99.5972302,,,
Dominican Republic,DOM,People using at least basic sanitation services (% of population),SH.STA.BASS.ZS,,,,,,,,,,,,,,,,,,,,,,,,,,,,,,,,,,,,,,,,,79.34228017,79.5530709,79.75940433,80.02337446,80.30467301,80.57538328,80.83598412,81.08640218,81.32684482,81.5566175,81.77648211,81.98654253,82.18301007,82.36634785,82.53737093,82.69698174,,,
Algeria,DZA,People using at least basic sanitation services (% of population),SH.STA.BASS.ZS,,,,,,,,,,,,,,,,,,,,,,,,,,,,,,,,,,,,,,,,,83.73057425,84.07214194,84.40076902,84.71621361,85.01861463,85.30780738,85.58426528,85.8478545,86.0990176,86.33571658,86.55884681,86.76889453,86.96624817,87.1515072,87.32515785,87.48768636,,,
East Asia & Pacific (excluding high income),EAP,People using at least basic sanitation services (% of population),SH.STA.BASS.ZS,,,,,,,,,,,,,,,,,,,,,,,,,,,,,,,,,,,,,,,,,59.94253098,60.64296314,61.84256774,62.84943569,63.85554863,64.85993343,65.85464797,66.84380254,67.83152993,68.81651057,69.79958949,70.77973404,71.75133865,72.7130199,73.6642675,74.60414203,,,
Early-demographic dividend,EAR,People using at least basic sanitation services (% of population),SH.STA.BASS.ZS,,,,,,,,,,,,,,,,,,,,,,,,,,,,,,,,,,,,,,,,,41.53193221,42.65380251,43.80739032,44.96853222,46.12884185,47.28867548,48.44924071,49.59618088,50.73952154,51.8801431,53.0204197,54.15272491,55.27482699,56.39206332,57.49807719,58.5806714,,,
East Asia & Pacific,EAS,People using at least basic sanitation services (% of population),SH.STA.BASS.ZS,,,,,,,,,,,,,,,,,,,,,,,,,,,,,,,,,,,,,,,,,64.09967326,64.71253612,65.72626408,66.61431168,67.50110392,68.38668128,69.26983225,70.15350916,71.03719897,71.9151059,72.79083826,73.66258235,74.52764281,75.382596,76.22987908,77.06784304,,,
Europe & Central Asia (excluding high income),ECA,People using at least basic sanitation services (% of population),SH.STA.BASS.ZS,,,,,,,,,,,,,,,,,,,,,,,,,,,,,,,,,,,,,,,,,86.81043212,87.11469724,87.59412229,88.08682897,88.58624251,89.0919212,89.16729022,89.5696045,89.94771337,90.32861447,90.71667354,91.10420618,91.48487049,91.86756919,92.25187462,92.51768674,,,
Europe & Central Asia,ECS,People using at least basic sanitation services (% of population),SH.STA.BASS.ZS,,,,,,,,,,,,,,,,,,,,,,,,,,,,,,,,,,,,,,,,,92.4993589,92.69868338,92.98367983,93.27190022,93.56109418,93.85236581,94.17727925,94.40720986,94.62377477,94.83528732,95.0466497,95.24916576,95.45526004,95.66285598,95.87143971,96.02941478,,,
Ecuador,ECU,People using at least basic sanitation services (% of population),SH.STA.BASS.ZS,,,,,,,,,,,,,,,,,,,,,,,,,,,,,,,,,,,,,,,,,70.81029719,71.95055256,73.02941732,74.06927197,75.10382072,76.13283862,77.15636587,78.17483896,79.18784821,80.19543379,81.19779386,82.19492843,83.18788678,84.17622959,85.15977984,86.13821596,,,
"Egypt, Arab Rep.",EGY,People using at least basic sanitation services (% of population),SH.STA.BASS.ZS,,,,,,,,,,,,,,,,,,,,,,,,,,,,,,,,,,,,,,,,,92.44353025,92.49369894,92.54385826,92.59400818,92.64414872,92.69427988,92.74440165,92.79149929,92.8367602,92.88209852,92.9273675,92.97271367,93.01959715,93.0680115,93.1179503,93.16947984,,,
Euro area,EMU,People using at least basic sanitation services (% of population),SH.STA.BASS.ZS,,,,,,,,,,,,,,,,,,,,,,,,,,,,,,,,,,,,,,,,,98.51440926,98.53901878,98.56878174,98.59879334,98.62862519,98.65828492,98.79086307,98.81332668,98.83601466,98.8584276,98.88093557,98.89999883,98.91900157,98.93733174,98.95492018,98.98131669,,,
Eritrea,ERI,People using at least basic sanitation services (% of population),SH.STA.BASS.ZS,,,,,,,,,,,,,,,,,,,,,,,,,,,,,,,,,,,,,,,,,7.549491929,7.842605344,8.134952836,8.42650113,8.717178357,9.006579326,9.294013751,9.579656267,9.862806943,10.14357288,10.420998,10.69515081,10.96556824,11.05940393,11.1566477,11.25752675,,,
Spain,ESP,People using at least basic sanitation services (% of population),SH.STA.BASS.ZS,,,,,,,,,,,,,,,,,,,,,,,,,,,,,,,,,,,,,,,,,99.90186631,99.90222486,99.90245923,99.90262867,99.90279613,99.90296392,99.90313093,99.90329605,99.90346047,99.90362422,99.90378733,99.90394867,99.90410945,99.9042697,99.90439308,99.90436021,,,
Estonia,EST,People using at least basic sanitation services (% of population),SH.STA.BASS.ZS,,,,,,,,,,,,,,,,,,,,,,,,,,,,,,,,,,,,,,,,,99.10070075,99.13356504,99.16657404,99.1997213,99.23301442,99.26645339,99.30003351,99.33376062,99.36763474,99.40165587,99.43582158,99.47013544,99.50459618,99.5392174,99.57397141,99.60883236,,,
Ethiopia,ETH,People using at least basic sanitation services (% of population),SH.STA.BASS.ZS,,,,,,,,,,,,,,,,,,,,,,,,,,,,,,,,,,,,,,,,,3.15008701,3.394329192,3.639078854,3.883903609,4.128946157,4.374205422,4.61982321,4.867938378,5.141201789,5.415178309,5.690291203,5.966251678,6.243339586,6.520983597,6.799605367,7.07891807,,,
European Union,EUU,People using at least basic sanitation services (% of population),SH.STA.BASS.ZS,,,,,,,,,,,,,,,,,,,,,,,,,,,,,,,,,,,,,,,,,97.29366105,97.38892279,97.4881395,97.58229258,97.6758158,97.76895968,97.33028217,97.42144032,97.51298625,97.59669603,97.67888939,97.75358628,97.83115853,97.90862022,97.9856344,98.06897271,,,
Fragile and conflict affected situations,FCS,People using at least basic sanitation services (% of population),SH.STA.BASS.ZS,,,,,,,,,,,,,,,,,,,,,,,,,,,,,,,,,,,,,,,,,39.22356944,39.27399811,39.34819155,39.51154515,39.68437225,39.97122168,40.27720273,40.58829347,40.89733147,41.19046178,41.46174287,40.89248612,41.13560499,41.36925244,41.55435077,41.71905537,,,
Finland,FIN,People using at least basic sanitation services (% of population),SH.STA.BASS.ZS,,,,,,,,,,,,,,,,,,,,,,,,,,,,,,,,,,,,,,,,,99.4482105,99.44818696,99.44816697,99.44814715,99.44812756,99.44810821,99.44808909,99.44807019,99.44805146,99.44803296,99.44801467,99.44799649,99.44797842,99.44796038,99.44794245,99.44792464,,,
Fiji,FJI,People using at least basic sanitation services (% of population),SH.STA.BASS.ZS,,,,,,,,,,,,,,,,,,,,,,,,,,,,,,,,,,,,,,,,,80.48463787,80.56456083,80.6444838,81.87154164,83.08699746,84.2903295,85.48205951,86.66201358,87.8303057,88.98629685,90.1305479,91.26303472,92.3837391,93.49291898,94.59066425,95.67704656,,,
France,FRA,People using at least basic sanitation services (% of population),SH.STA.BASS.ZS,,,,,,,,,,,,,,,,,,,,,,,,,,,,,,,,,,,,,,,,,98.6630282,98.66225478,98.66149043,98.6607291,98.6599708,98.65922457,98.65847835,98.65774119,98.65700705,98.65627593,98.65555388,98.65483182,98.65411883,98.65340886,98.65270191,98.65200403,,,
Faroe Islands,FRO,People using at least basic sanitation services (% of population),SH.STA.BASS.ZS,,,,,,,,,,,,,,,,,,,,,,,,,,,,,,,,,,,,,,,,,,,,,,,,90.88347572,90.88347572,90.88347572,90.88347572,90.88347572,90.88347572,90.88347572,90.88347572,90.88347572,,,
"Micronesia, Fed. Sts.",FSM,People using at least basic sanitation services (% of population),SH.STA.BASS.ZS,,,,,,,,,,,,,,,,,,,,,,,,,,,,,,,,,,,,,,,,,,,,,,,56.246428,56.243999,56.241917,56.239835,56.237406,56.239141,56.243999,56.252674,56.265166,,,,
Gabon,GAB,People using at least basic sanitation services (% of population),SH.STA.BASS.ZS,,,,,,,,,,,,,,,,,,,,,,,,,,,,,,,,,,,,,,,,,39.01483459,39.1410164,39.26833356,39.39652465,39.52529554,39.65458452,39.78402334,39.91347051,40.04274034,40.17166998,40.30020359,40.42797155,40.5550421,40.68125105,40.80635005,40.93038599,,,
United Kingdom,GBR,People using at least basic sanitation services (% of population),SH.STA.BASS.ZS,,,,,,,,,,,,,,,,,,,,,,,,,,,,,,,,,,,,,,,,,99.12998593,99.12954755,99.12824996,99.12696989,99.1256986,99.12444484,99.12319985,99.12197239,99.1207537,99.11955254,99.11836454,99.11718969,99.11603237,99.11490136,99.11379226,99.11270947,,,
Georgia,GEO,People using at least basic sanitation services (% of population),SH.STA.BASS.ZS,,,,,,,,,,,,,,,,,,,,,,,,,,,,,,,,,,,,,,,,,96.54953308,96.19155536,95.36174589,94.53418882,93.70848149,92.8846239,92.06229272,91.24120333,90.42168151,89.60986463,88.80801,88.01089191,87.21820761,86.4302912,85.64945836,84.87671725,,,
Ghana,GHA,People using at least basic sanitation services (% of population),SH.STA.BASS.ZS,,,,,,,,,,,,,,,,,,,,,,,,,,,,,,,,,,,,,,,,,11.16384757,11.38076123,11.59655073,11.81121005,12.02484181,12.23700653,12.44802707,12.65779179,12.86629771,13.07323097,13.27900804,13.48331806,13.68566101,13.88575609,14.08363032,14.27950593,,,
Gibraltar,GIB,People using at least basic sanitation services (% of population),SH.STA.BASS.ZS,,,,,,,,,,,,,,,,,,,,,,,,,,,,,,,,,,,,,,,,,,,,,,,,,,,,,,,,,,,
Guinea,GIN,People using at least basic sanitation services (% of population),SH.STA.BASS.ZS,,,,,,,,,,,,,,,,,,,,,,,,,,,,,,,,,,,,,,,,,9.105087318,9.945848032,10.78857177,11.63365163,12.48090726,13.33054178,14.18237412,15.03660812,15.89286846,16.7517464,17.61267203,18.47604415,19.34167953,20.20958886,21.0797828,21.95227203,,,
"Gambia, The",GMB,People using at least basic sanitation services (% of population),SH.STA.BASS.ZS,,,,,,,,,,,,,,,,,,,,,,,,,,,,,,,,,,,,,,,,,55.21596573,54.17553458,53.15676885,52.15970444,51.18495992,50.23177194,49.29927724,48.38662868,47.49297356,46.61738236,45.75901434,44.91694916,44.09028903,43.27813614,42.47959271,41.69376093,,,
Guinea-Bissau,GNB,People using at least basic sanitation services (% of population),SH.STA.BASS.ZS,,,,,,,,,,,,,,,,,,,,,,,,,,,,,,,,,,,,,,,,,11.96687588,12.55853001,13.15726289,13.76315127,14.37604269,14.99507468,15.62145407,16.25454118,16.89438399,17.54029487,18.19303821,18.84662357,19.50137826,20.15636518,20.81139244,21.46600375,,,
Equatorial Guinea,GNQ,People using at least basic sanitation services (% of population),SH.STA.BASS.ZS,,,,,,,,,,,,,,,,,,,,,,,,,,,,,,,,,,,,,,,,,80.17827609,79.73664962,79.29494842,78.85355003,78.41264962,77.97255024,77.53346779,77.09564516,76.65938332,76.22481518,75.79230604,75.36211748,74.93434501,74.50939133,74.52304565,74.53794939,,,
Greece,GRC,People using at least basic sanitation services (% of population),SH.STA.BASS.ZS,,,,,,,,,,,,,,,,,,,,,,,,,,,,,,,,,,,,,,,,,96.5540048,96.72183461,96.89822153,97.07206667,97.24349513,97.41240067,97.57886694,97.74296556,97.90472364,98.06410956,98.21400258,98.31152594,98.40624995,98.49821237,98.58750349,98.96396396,,,
Grenada,GRD,People using at least basic sanitation services (% of population),SH.STA.BASS.ZS,,,,,,,,,,,,,,,,,,,,,,,,,,,,,,,,,,,,,,,,,94.23275561,94.23275561,92.2473667,91.88640302,90.52798836,89.16957371,87.81115905,86.4527444,85.09432974,83.73591509,82.37750043,81.01908578,79.66067112,78.30225647,78.30225647,78.30225647,,,
Greenland,GRL,People using at least basic sanitation services (% of population),SH.STA.BASS.ZS,,,,,,,,,,,,,,,,,,,,,,,,,,,,,,,,,,,,,,,,,99.59725483,99.59725382,99.59725282,99.59725184,99.59725086,99.59724973,99.5807367,99.5544536,99.52800471,99.5013941,99.47462461,99.44757609,99.42019168,99.39258913,99.36479956,99.33684017,,,
Guatemala,GTM,People using at least basic sanitation services (% of population),SH.STA.BASS.ZS,,,,,,,,,,,,,,,,,,,,,,,,,,,,,,,,,,,,,,,,,59.20646553,59.7740547,60.33727073,60.89679492,61.45360069,62.00727718,62.55808408,63.10594039,63.65045148,64.19186081,64.72978453,65.26386039,65.79462394,66.32113417,66.84420251,67.36292035,,,
Guam,GUM,People using at least basic sanitation services (% of population),SH.STA.BASS.ZS,,,,,,,,,,,,,,,,,,,,,,,,,,,,,,,,,,,,,,,,,88.73817244,88.8725552,89.00693795,89.14132071,89.27570346,89.41008622,89.54446898,89.67885173,89.81323449,89.94761724,90.082,90.21638276,90.35076551,90.35076551,90.35076551,90.35076551,,,
Guyana,GUY,People using at least basic sanitation services (% of population),SH.STA.BASS.ZS,,,,,,,,,,,,,,,,,,,,,,,,,,,,,,,,,,,,,,,,,78.35908499,78.8708243,79.38331817,79.89666018,80.41199798,80.92932147,81.44826347,81.96879673,82.49057122,83.01354254,83.53744134,84.06201544,84.58719472,85.1127227,85.63836005,86.16405304,,,
High income,HIC,People using at least basic sanitation services (% of population),SH.STA.BASS.ZS,,,,,,,,,,,,,,,,,,,,,,,,,,,,,,,,,,,,,,,,,98.42650489,98.47508849,98.52664566,98.5811513,98.63532632,98.6900138,98.7723848,98.82310003,98.87515536,98.92588288,98.97569135,99.01841285,99.06041935,99.09946404,99.13930394,99.17391236,,,
"Hong Kong SAR, China",HKG,People using at least basic sanitation services (% of population),SH.STA.BASS.ZS,,,,,,,,,,,,,,,,,,,,,,,,,,,,,,,,,,,,,,,,,96.95454545,96.95454545,96.95454545,96.95454545,96.9,96.84545455,96.79090909,96.73636364,96.68181818,96.62727273,96.57272727,96.51818182,96.46363636,96.40909091,96.35454545,96.3,,,
Honduras,HND,People using at least basic sanitation services (% of population),SH.STA.BASS.ZS,,,,,,,,,,,,,,,,,,,,,,,,,,,,,,,,,,,,,,,,,61.90922475,63.17650834,64.461466,65.73373574,66.99094617,68.2324037,69.45853441,70.66911921,71.86347543,73.04143127,74.20320466,75.34901352,76.4790758,77.5934993,78.69253827,79.77644697,,,
Heavily indebted poor countries (HIPC),HPC,People using at least basic sanitation services (% of population),SH.STA.BASS.ZS,,,,,,,,,,,,,,,,,,,,,,,,,,,,,,,,,,,,,,,,,17.97069484,18.31894766,18.7242959,19.12930879,19.53552282,20.01250076,20.49115243,20.97156043,21.4556748,21.94052648,22.42651784,22.91398426,23.40313828,23.88704141,24.3716269,24.83543166,,,
Croatia,HRV,People using at least basic sanitation services (% of population),SH.STA.BASS.ZS,,,,,,,,,,,,,,,,,,,,,,,,,,,,,,,,,,,,,,,,,97.14465307,97.14742173,97.16849167,97.18983121,97.21144139,97.23330307,97.25543743,97.27782527,97.30046757,97.32338557,97.3465397,97.3699715,97.3936413,97.41755,97.44171887,97.46612845,,,
Haiti,HTI,People using at least basic sanitation services (% of population),SH.STA.BASS.ZS,,,,,,,,,,,,,,,,,,,,,,,,,,,,,,,,,,,,,,,,,16.73730616,17.77734203,18.81509826,19.84909701,20.87914523,21.89495132,22.89709771,23.8846511,24.85691124,25.81372108,26.75495326,27.68051013,28.59047756,29.48480988,30.36378889,30.54379074,,,
Hungary,HUN,People using at least basic sanitation services (% of population),SH.STA.BASS.ZS,,,,,,,,,,,,,,,,,,,,,,,,,,,,,,,,,,,,,,,,,98.04372898,98.04295496,98.03960632,98.03628212,98.03296607,98.02923449,98.02508739,98.02097287,98.0168828,98.01284162,98.00882488,98.00484073,98.00089731,97.99703537,97.99324676,97.98953148,,,
IBRD only,IBD,People using at least basic sanitation services (% of population),SH.STA.BASS.ZS,,,,,,,,,,,,,,,,,,,,,,,,,,,,,,,,,,,,,,,,,55.89004847,56.67585863,57.62981426,58.58925507,59.55188747,60.51580564,61.58239915,62.53855198,63.49906737,64.46599873,65.4346376,66.40751935,67.38325221,68.35763389,69.31721519,70.25601175,,,
IDA & IBRD total,IBT,People using at least basic sanitation services (% of population),SH.STA.BASS.ZS,,,,,,,,,,,,,,,,,,,,,,,,,,,,,,,,,,,,,,,,,50.29551408,50.98275866,51.79968877,52.62419566,53.44900961,54.28044122,55.21534071,56.03073735,56.84531585,57.66049962,58.472721,59.1887586,59.99053431,60.78668734,61.56843012,62.32918966,,,
IDA total,IDA,People using at least basic sanitation services (% of population),SH.STA.BASS.ZS,,,,,,,,,,,,,,,,,,,,,,,,,,,,,,,,,,,,,,,,,29.70886675,30.2904505,30.89074785,31.50134984,32.11185928,32.75497907,33.40300462,34.02190612,34.63069397,35.22791249,35.82358241,36.18125411,36.72832243,37.26660419,37.80402399,38.33045364,,,
IDA blend,IDB,People using at least basic sanitation services (% of population),SH.STA.BASS.ZS,,,,,,,,,,,,,,,,,,,,,,,,,,,,,,,,,,,,,,,,,38.06348406,38.72522733,39.36585531,40.01239284,40.65507859,41.29365958,41.92912713,42.47867869,43.00795334,43.53653836,44.10199167,44.65846287,45.16858684,45.67688682,46.1826564,46.68263794,,,
Indonesia,IDN,People using at least basic sanitation services (% of population),SH.STA.BASS.ZS,,,,,,,,,,,,,,,,,,,,,,,,,,,,,,,,,,,,,,,,,44.24109356,45.94642191,47.6346773,49.30537249,50.9590669,52.59397654,54.2110295,55.80952404,57.38999587,58.95096933,60.49382522,62.01470578,63.51403796,64.99224868,66.44955036,67.88660816,,,
IDA only,IDX,People using at least basic sanitation services (% of population),SH.STA.BASS.ZS,,,,,,,,,,,,,,,,,,,,,,,,,,,,,,,,,,,,,,,,,25.51076842,26.06178177,26.64174369,27.24453936,27.84787104,28.49998763,29.15924403,29.81467452,30.46288751,31.09253842,31.69741796,31.99629657,32.55793045,33.10687985,33.65596267,34.19194786,,,
Isle of Man,IMN,People using at least basic sanitation services (% of population),SH.STA.BASS.ZS,,,,,,,,,,,,,,,,,,,,,,,,,,,,,,,,,,,,,,,,,,,,,,,,,,,,,,,,,,,
India,IND,People using at least basic sanitation services (% of population),SH.STA.BASS.ZS,,,,,,,,,,,,,,,,,,,,,,,,,,,,,,,,,,,,,,,,,21.67809241,23.16892109,24.68618368,26.20044553,27.71205154,29.22020202,30.72524765,32.22751596,33.72695489,35.22281103,36.71541192,38.20506196,39.69370903,41.18086942,42.66672606,44.15112275,,,
Not classified,INX,People using at least basic sanitation services (% of population),SH.STA.BASS.ZS,,,,,,,,,,,,,,,,,,,,,,,,,,,,,,,,,,,,,,,,,,,,,,,,,,,,,,,,,,,
Ireland,IRL,People using at least basic sanitation services (% of population),SH.STA.BASS.ZS,,,,,,,,,,,,,,,,,,,,,,,,,,,,,,,,,,,,,,,,,88.57396251,88.81545918,89.05671966,89.29705543,89.53731264,89.77761282,90.01787508,90.25818087,90.49844902,90.73876124,90.9790361,91.2192736,91.4593095,91.6990607,91.93860836,92.17795166,,,
"Iran, Islamic Rep.",IRN,People using at least basic sanitation services (% of population),SH.STA.BASS.ZS,,,,,,,,,,,,,,,,,,,,,,,,,,,,,,,,,,,,,,,,,87.24740275,87.33973456,87.43129263,87.52207698,87.61195864,87.68250039,87.75210562,87.81457276,87.87312093,87.93084693,87.98787868,88.04408548,88.09972488,88.15311125,88.22243846,88.28982193,,,
Iraq,IRQ,People using at least basic sanitation services (% of population),SH.STA.BASS.ZS,,,,,,,,,,,,,,,,,,,,,,,,,,,,,,,,,,,,,,,,,75.23893938,76.05567992,76.86989921,77.68159726,78.49077407,79.29742965,80.1014028,80.90303924,81.70215443,82.49865725,83.29275331,84.08477264,84.87407822,85.65976631,85.65954472,85.6592985,,,
Iceland,ISL,People using at least basic sanitation services (% of population),SH.STA.BASS.ZS,,,,,,,,,,,,,,,,,,,,,,,,,,,,,,,,,,,,,,,,,98.7964079,98.79602901,98.79566686,98.79494805,98.79332468,98.79172727,98.79014286,98.7885974,98.78707792,98.78557143,98.7841039,98.78267532,98.7812987,98.77997403,98.77867532,98.77744156,,,
Israel,ISR,People using at least basic sanitation services (% of population),SH.STA.BASS.ZS,,,,,,,,,,,,,,,,,,,,,,,,,,,,,,,,,,,,,,,,,100,100,100,100,100,100,100,100,100,100,100,100,100,100,100,100,,,
Italy,ITA,People using at least basic sanitation services (% of population),SH.STA.BASS.ZS,,,,,,,,,,,,,,,,,,,,,,,,,,,,,,,,,,,,,,,,,,,,,,,99.2803397,99.28045734,99.28057498,99.28069163,99.28080928,99.28092592,99.28104157,99.28116719,99.28130178,99.28144435,,,
Jamaica,JAM,People using at least basic sanitation services (% of population),SH.STA.BASS.ZS,,,,,,,,,,,,,,,,,,,,,,,,,,,,,,,,,,,,,,,,,83.75071925,83.87319823,83.99488536,84.11574607,84.23567263,84.35471599,84.47283427,84.59006272,84.70636121,84.82177474,84.93628202,85.04985205,85.16217647,85.27311043,85.38260453,85.37371383,,,
Jordan,JOR,People using at least basic sanitation services (% of population),SH.STA.BASS.ZS,,,,,,,,,,,,,,,,,,,,,,,,,,,,,,,,,,,,,,,,,98.54394137,98.55874909,98.57325442,98.52434635,98.37578409,98.22369163,98.07170481,97.9198214,97.76804892,97.61636584,97.46477944,97.31329799,97.16188772,97.01054486,96.85926571,96.70805802,,,
Japan,JPN,People using at least basic sanitation services (% of population),SH.STA.BASS.ZS,,,,,,,,,,,,,,,,,,,,,,,,,,,,,,,,,,,,,,,,,99.98328983,99.98445726,99.9856247,99.98679213,99.98795956,99.989127,99.99029443,99.99146186,99.9926293,99.99379673,99.99496416,99.9961316,99.99729903,99.99846647,99.9996339,100,,,
Kazakhstan,KAZ,People using at least basic sanitation services (% of population),SH.STA.BASS.ZS,,,,,,,,,,,,,,,,,,,,,,,,,,,,,,,,,,,,,,,,,96.94625313,96.94702028,97.00633713,97.06607251,97.12622952,97.18679541,97.24778498,97.30918138,97.37100351,97.43324244,97.49554615,97.55785964,97.62006063,97.68209511,97.74388303,97.80530797,,,
Kenya,KEN,People using at least basic sanitation services (% of population),SH.STA.BASS.ZS,,,,,,,,,,,,,,,,,,,,,,,,,,,,,,,,,,,,,,,,,31.00680176,30.91425904,30.82370173,30.73516841,30.64869765,30.56423227,30.48189631,30.40172834,30.32376692,30.24793433,30.17437515,30.10331788,30.03475835,29.96875056,29.90534852,29.84467981,,,
Kyrgyz Republic,KGZ,People using at least basic sanitation services (% of population),SH.STA.BASS.ZS,,,,,,,,,,,,,,,,,,,,,,,,,,,,,,,,,,,,,,,,,91.90658222,91.9065733,92.24271202,92.57886388,92.91502459,93.25120722,93.58738992,93.92360334,94.25983434,94.59605222,94.93157666,95.26614382,95.59940205,95.93120604,96.26114705,96.58607827,,,
Cambodia,KHM,People using at least basic sanitation services (% of population),SH.STA.BASS.ZS,,,,,,,,,,,,,,,,,,,,,,,,,,,,,,,,,,,,,,,,,12.26159396,14.68174372,17.102586,19.52412081,21.94681009,24.3706627,26.79521969,29.22095185,31.6473943,34.0807445,36.5201585,38.96669925,41.42048218,43.88113414,46.3492532,48.82544927,,,
Kiribati,KIR,People using at least basic sanitation services (% of population),SH.STA.BASS.ZS,,,,,,,,,,,,,,,,,,,,,,,,,,,,,,,,,,,,,,,,,30.25866231,31.14565013,31.92090062,32.69620242,33.47133479,34.24609398,35.02089176,35.79786376,36.57685753,37.35790741,38.14066561,38.92515804,39.71087125,39.72950283,39.75004981,39.77286044,,,
St. Kitts and Nevis,KNA,People using at least basic sanitation services (% of population),SH.STA.BASS.ZS,,,,,,,,,,,,,,,,,,,,,,,,,,,,,,,,,,,,,,,,,85.35355952,86.04862245,86.74368537,87.4387483,88.13381122,88.82887415,89.52393707,90.219,90.91406293,91.60912585,91.60912585,91.60912585,91.60912585,91.60912585,,,,,
"Korea, Rep.",KOR,People using at least basic sanitation services (% of population),SH.STA.BASS.ZS,,,,,,,,,,,,,,,,,,,,,,,,,,,,,,,,,,,,,,,,,100,100,100,100,100,100,100,100,100,100,100,100,99.99790357,99.96111476,99.92432595,99.88753714,,,
Kuwait,KWT,People using at least basic sanitation services (% of population),SH.STA.BASS.ZS,,,,,,,,,,,,,,,,,,,,,,,,,,,,,,,,,,,,,,,,,100,100,100,100,100,100,100,100,100,100,100,100,100,100,100,100,,,
Latin America & Caribbean (excluding high income),LAC,People using at least basic sanitation services (% of population),SH.STA.BASS.ZS,,,,,,,,,,,,,,,,,,,,,,,,,,,,,,,,,,,,,,,,,72.75691516,73.59725171,74.41858028,75.23751739,76.04923151,76.85343308,77.65092274,78.44151818,79.22513257,80.00094756,80.76921184,81.52988907,82.28210869,83.0262303,83.73201868,84.41636382,,,
Lao PDR,LAO,People using at least basic sanitation services (% of population),SH.STA.BASS.ZS,,,,,,,,,,,,,,,,,,,,,,,,,,,,,,,,,,,,,,,,,27.97081401,31.07338414,34.17005185,37.25777098,40.33687496,43.40354822,46.447719,49.46618637,52.45895034,55.42400366,58.36034297,61.26785714,64.14537584,66.99262096,69.80871247,72.59428683,,,
Lebanon,LBN,People using at least basic sanitation services (% of population),SH.STA.BASS.ZS,,,,,,,,,,,,,,,,,,,,,,,,,,,,,,,,,,,,,,,,,75.06015705,75.06015705,75.06015705,76.62163462,78.18311218,79.74458974,81.30606731,82.86754487,84.42902244,85.9905,87.55197756,89.11345513,90.67493269,92.23641026,93.79788782,95.35936538,,,
Liberia,LBR,People using at least basic sanitation services (% of population),SH.STA.BASS.ZS,,,,,,,,,,,,,,,,,,,,,,,,,,,,,,,,,,,,,,,,,13.11335703,13.35782718,13.60325264,13.84921474,14.09592593,14.34317533,14.59096292,14.83950351,15.08858385,15.33971847,15.59292373,15.84821601,16.105393,16.36468822,16.62611804,16.88947781,,,
Libya,LBY,People using at least basic sanitation services (% of population),SH.STA.BASS.ZS,,,,,,,,,,,,,,,,,,,,,,,,,,,,,,,,,,,,,,,,,99.7,99.7,99.7,99.7,99.7,99.7,99.7,99.7,99.7,99.7,99.7,99.7,99.7,99.7,99.7,99.7,,,
St. Lucia,LCA,People using at least basic sanitation services (% of population),SH.STA.BASS.ZS,,,,,,,,,,,,,,,,,,,,,,,,,,,,,,,,,,,,,,,,,78.70644522,78.72050607,78.77394667,78.82593914,80.03922676,81.2554916,82.47471589,83.69658394,84.92099334,86.14749978,87.36841815,88.54362006,89.71882197,90.726844,90.90962901,90.90809761,,,
Latin America & Caribbean,LCN,People using at least basic sanitation services (% of population),SH.STA.BASS.ZS,,,,,,,,,,,,,,,,,,,,,,,,,,,,,,,,,,,,,,,,,75.20305164,75.95731821,76.69427028,77.42980879,78.15943052,78.88329645,79.60116089,80.31885819,81.02493463,81.72373463,82.41454988,83.09869013,83.77560475,84.44471308,85.08249088,85.69101504,,,
Least developed countries: UN classification,LDC,People using at least basic sanitation services (% of population),SH.STA.BASS.ZS,,,,,,,,,,,,,,,,,,,,,,,,,,,,,,,,,,,,,,,,,22.34767462,22.9535672,23.61084566,24.2780253,24.9389244,25.64465788,26.34381721,27.03597053,27.72459757,28.40936775,29.09189658,29.49922631,30.17704169,30.8475336,31.51443993,32.16136228,,,
Low income,LIC,People using at least basic sanitation services (% of population),SH.STA.BASS.ZS,,,,,,,,,,,,,,,,,,,,,,,,,,,,,,,,,,,,,,,,,20.85731512,21.24498524,24.33750072,24.73948615,25.15092385,25.57737484,26.02117913,26.4757345,26.92898295,27.35920528,27.75704647,27.77058596,28.11651575,28.44807639,28.78733187,29.11924779,,,
Liechtenstein,LIE,People using at least basic sanitation services (% of population),SH.STA.BASS.ZS,,,,,,,,,,,,,,,,,,,,,,,,,,,,,,,,,,,,,,,,,99.95,99.95,99.95,99.95,99.95,99.95,99.95,99.95,99.95,99.95,99.95,99.95,99.95,99.95,99.95,99.95,,,
Sri Lanka,LKA,People using at least basic sanitation services (% of population),SH.STA.BASS.ZS,,,,,,,,,,,,,,,,,,,,,,,,,,,,,,,,,,,,,,,,,85.37815263,86.01406331,86.65012205,87.28639604,87.92284797,88.55947784,89.19628567,89.83327863,90.47044977,91.10779884,91.74532587,92.38303084,93.02091376,93.65819942,94.18462278,94.20667369,,,
Lower middle income,LMC,People using at least basic sanitation services (% of population),SH.STA.BASS.ZS,,,,,,,,,,,,,,,,,,,,,,,,,,,,,,,,,,,,,,,,,35.92940981,37.05816874,38.20050426,39.34535699,40.48823708,41.64103869,42.79125043,43.92443278,45.05280124,46.18079718,47.31430225,48.44560446,49.56925799,50.68996075,51.80188795,52.90202807,,,
Low & middle income,LMY,People using at least basic sanitation services (% of population),SH.STA.BASS.ZS,,,,,,,,,,,,,,,,,,,,,,,,,,,,,,,,,,,,,,,,,49.57267057,50.26992371,51.2170728,52.04961641,52.8822365,53.72120957,54.66703975,55.48937975,56.3107016,57.13266197,57.95272092,58.67645344,59.485352,60.28879743,61.07764666,61.8460925,,,
Lesotho,LSO,People using at least basic sanitation services (% of population),SH.STA.BASS.ZS,,,,,,,,,,,,,,,,,,,,,,,,,,,,,,,,,,,,,,,,,7.219113467,9.712420787,12.19923165,14.67917776,17.15225205,19.61777051,22.07583638,24.5166579,26.95094043,29.37821239,31.7987066,34.21204661,36.61814543,39.01671769,41.40777558,43.79110608,,,
Late-demographic dividend,LTE,People using at least basic sanitation services (% of population),SH.STA.BASS.ZS,,,,,,,,,,,,,,,,,,,,,,,,,,,,,,,,,,,,,,,,,67.50148038,68.08241673,69.05614556,69.92744658,70.80438785,71.68265248,72.65240139,73.52126963,74.38709377,75.25369705,76.1142902,76.97221744,77.82211981,78.66205356,79.49081833,80.29800845,,,
Lithuania,LTU,People using at least basic sanitation services (% of population),SH.STA.BASS.ZS,,,,,,,,,,,,,,,,,,,,,,,,,,,,,,,,,,,,,,,,,84.86982521,85.44100803,86.00788296,86.57636411,87.1464515,87.73432871,88.33826456,88.9409472,89.54237662,90.12969437,90.70462279,91.28105153,91.86136939,92.44525794,93.03224063,93.62184087,,,
Luxembourg,LUX,People using at least basic sanitation services (% of population),SH.STA.BASS.ZS,,,,,,,,,,,,,,,,,,,,,,,,,,,,,,,,,,,,,,,,,97.71136156,97.70216736,97.69531101,97.68866149,97.6814322,97.67410705,97.66694695,97.65996376,97.65313009,97.64649679,97.64001052,97.63368308,97.6276162,97.62183335,97.61629376,97.61098261,,,
Latvia,LVA,People using at least basic sanitation services (% of population),SH.STA.BASS.ZS,,,,,,,,,,,,,,,,,,,,,,,,,,,,,,,,,,,,,,,,,86.51027714,86.48608282,86.92692442,87.37862545,87.85952494,88.33938449,88.79415895,89.24330651,89.69332122,90.14336154,90.59380982,91.04500687,91.49695267,91.94964724,92.40545684,92.8639823,,,
"Macao SAR, China",MAC,People using at least basic sanitation services (% of population),SH.STA.BASS.ZS,,,,,,,,,,,,,,,,,,,,,,,,,,,,,,,,,,,,,,,,,,,,,,,,,,,,,,,,,,,
St. Martin (French part),MAF,People using at least basic sanitation services (% of population),SH.STA.BASS.ZS,,,,,,,,,,,,,,,,,,,,,,,,,,,,,,,,,,,,,,,,,,,,,,,,,,,,,,,,,,,
Morocco,MAR,People using at least basic sanitation services (% of population),SH.STA.BASS.ZS,,,,,,,,,,,,,,,,,,,,,,,,,,,,,,,,,,,,,,,,,68.67433706,69.80111965,70.92735338,72.05226014,73.17496943,74.18461523,75.18813016,76.17485314,77.14483237,78.09787185,79.0342961,79.95394126,80.85709973,81.74345982,82.61300228,83.46606769,,,
Monaco,MCO,People using at least basic sanitation services (% of population),SH.STA.BASS.ZS,,,,,,,,,,,,,,,,,,,,,,,,,,,,,,,,,,,,,,,,,100,100,100,100,100,100,100,100,100,100,100,100,100,100,100,100,,,
Moldova,MDA,People using at least basic sanitation services (% of population),SH.STA.BASS.ZS,,,,,,,,,,,,,,,,,,,,,,,,,,,,,,,,,,,,,,,,,72.0961661,72.50093497,72.90669824,73.31345589,73.72120795,74.12995439,74.53969523,74.95043046,75.36216009,75.78010362,76.20411191,76.63339343,77.06800646,77.50737697,77.95114334,78.39894398,,,
Madagascar,MDG,People using at least basic sanitation services (% of population),SH.STA.BASS.ZS,,,,,,,,,,,,,,,,,,,,,,,,,,,,,,,,,,,,,,,,,4.588108865,4.895839549,5.204638914,5.514437275,5.825321215,6.164425404,6.506246462,6.850738359,7.198113122,7.547696672,7.89967738,8.253977113,8.610510976,8.969380761,9.330399782,9.69366814,,,
Maldives,MDV,People using at least basic sanitation services (% of population),SH.STA.BASS.ZS,,,,,,,,,,,,,,,,,,,,,,,,,,,,,,,,,,,,,,,,,78.11427412,80.13155379,82.09052199,83.98821586,85.82252184,87.59050462,89.29048449,90.91866613,92.47622149,93.9647564,95.38620893,96.10385465,96.04242402,95.98265804,95.92477148,95.86881806,,,
Middle East & North Africa,MEA,People using at least basic sanitation services (% of population),SH.STA.BASS.ZS,,,,,,,,,,,,,,,,,,,,,,,,,,,,,,,,,,,,,,,,,84.43506115,84.70130611,84.99823919,85.36336238,85.73464293,86.10031863,86.47487608,86.85107079,87.22268733,87.58439898,87.93051434,88.24760056,88.55598736,88.85927874,89.09424494,89.31829249,,,
Mexico,MEX,People using at least basic sanitation services (% of population),SH.STA.BASS.ZS,,,,,,,,,,,,,,,,,,,,,,,,,,,,,,,,,,,,,,,,,76.32649744,77.26048585,78.18321039,79.09481483,79.99572569,80.88550529,81.7648469,82.63361156,83.49216189,84.34018801,85.17825538,86.00594714,86.82365785,87.63144023,88.4296569,89.21839255,,,
Marshall Islands,MHL,People using at least basic sanitation services (% of population),SH.STA.BASS.ZS,,,,,,,,,,,,,,,,,,,,,,,,,,,,,,,,,,,,,,,,,,85.7350826,85.82546792,85.91469817,86.00248455,86.08940462,86.17488084,86.25949075,86.3426568,86.42466776,86.50581242,86.58551321,86.66405893,86.74144956,86.81797387,86.89305434,,,
Middle income,MIC,People using at least basic sanitation services (% of population),SH.STA.BASS.ZS,,,,,,,,,,,,,,,,,,,,,,,,,,,,,,,,,,,,,,,,,52.34548127,53.11463793,54.02738972,54.94790161,55.87024731,56.80040278,57.83577738,58.74969039,59.66431289,60.583114,61.50427313,62.42631218,63.34542127,64.26153053,65.16274394,66.04522573,,,
North Macedonia,MKD,People using at least basic sanitation services (% of population),SH.STA.BASS.ZS,,,,,,,,,,,,,,,,,,,,,,,,,,,,,,,,,,,,,,,,,89.84863872,89.8311852,89.81373168,89.79627816,89.77874113,89.95243935,90.12581123,90.29936603,90.47381168,90.64964163,90.82771054,91.00838093,91.00434364,90.8932337,90.90024611,90.91120301,,,
Mali,MLI,People using at least basic sanitation services (% of population),SH.STA.BASS.ZS,,,,,,,,,,,,,,,,,,,,,,,,,,,,,,,,,,,,,,,,,19.34145862,20.13232426,20.92505856,21.71912215,22.51499777,23.31139032,24.10954326,24.90842118,25.70875567,26.50927078,27.30820953,28.10507836,28.89988478,29.69189718,30.48162163,31.26833404,,,
Malta,MLT,People using at least basic sanitation services (% of population),SH.STA.BASS.ZS,,,,,,,,,,,,,,,,,,,,,,,,,,,,,,,,,,,,,,,,,100,100,99.99886375,99.99604573,99.99321287,99.99036602,99.98750585,99.9846339,99.98175154,99.97885961,99.97595918,99.97305105,99.97013592,99.96721469,99.96428826,99.96135673,,,
Myanmar,MMR,People using at least basic sanitation services (% of population),SH.STA.BASS.ZS,,,,,,,,,,,,,,,,,,,,,,,,,,,,,,,,,,,,,,,,,69.5804475,69.23056087,68.88457757,68.54252418,68.20459993,67.8706596,67.54072979,67.2151849,66.89335671,66.57544402,66.25901962,65.9440911,65.63031401,65.3176934,65.00658808,64.69647377,,,
Middle East & North Africa (excluding high income),MNA,People using at least basic sanitation services (% of population),SH.STA.BASS.ZS,,,,,,,,,,,,,,,,,,,,,,,,,,,,,,,,,,,,,,,,,82.69531988,82.97753441,83.25471879,83.62036455,83.98615702,84.33812368,84.6932455,85.04579336,85.39361606,85.73399337,86.06656226,86.39288862,86.71622599,87.0408082,87.29248875,87.53815967,,,
Montenegro,MNE,People using at least basic sanitation services (% of population),SH.STA.BASS.ZS,,,,,,,,,,,,,,,,,,,,,,,,,,,,,,,,,,,,,,,,,,,,,,,91.42112903,91.94349938,92.46647391,92.99009775,93.51431851,94.03918496,94.56497715,95.09160663,95.61908972,95.90868712,,,
Mongolia,MNG,People using at least basic sanitation services (% of population),SH.STA.BASS.ZS,,,,,,,,,,,,,,,,,,,,,,,,,,,,,,,,,,,,,,,,,48.03272095,48.97507536,49.89592095,50.79508574,51.67243256,52.52650938,53.35899677,54.16951591,54.95838027,55.72408772,56.46887176,57.19190514,57.8877998,58.48392281,58.91890628,59.2215303,,,
Northern Mariana Islands,MNP,People using at least basic sanitation services (% of population),SH.STA.BASS.ZS,,,,,,,,,,,,,,,,,,,,,,,,,,,,,,,,,,,,,,,,,73.81000817,74.22897349,74.64793881,75.06690413,75.48586945,75.90483477,76.32380009,76.74276541,77.16173073,77.58069605,77.99966137,78.41862669,78.83759201,78.83759201,78.83759201,78.83759201,,,
Mozambique,MOZ,People using at least basic sanitation services (% of population),SH.STA.BASS.ZS,,,,,,,,,,,,,,,,,,,,,,,,,,,,,,,,,,,,,,,,,12.04740447,12.79887883,13.55153829,14.30507117,15.05979886,15.81540482,16.5725415,17.33023753,18.08947883,18.85394844,19.62374098,20.39928943,21.18069567,21.96806162,22.76114355,23.56073218,,,
Mauritania,MRT,People using at least basic sanitation services (% of population),SH.STA.BASS.ZS,,,,,,,,,,,,,,,,,,,,,,,,,,,,,,,,,,,,,,,,,23.32532511,24.68847207,26.06223902,27.44600858,28.83876607,30.2401682,31.64987173,33.06753337,34.49201522,35.92332731,37.36068506,38.80326865,40.25152066,41.70418876,43.16040032,44.62062434,,,
Mauritius,MUS,People using at least basic sanitation services (% of population),SH.STA.BASS.ZS,,,,,,,,,,,,,,,,,,,,,,,,,,,,,,,,,,,,,,,,,91.35733665,91.49108067,91.62555047,91.76074604,91.89666738,92.03334129,92.17073752,92.30885606,92.44771853,92.58729986,92.72760005,92.86863553,93.01037172,93.15312487,93.15098638,93.14913303,,,
Malawi,MWI,People using at least basic sanitation services (% of population),SH.STA.BASS.ZS,,,,,,,,,,,,,,,,,,,,,,,,,,,,,,,,,,,,,,,,,34.48932245,35.09655449,35.70294344,36.3086062,36.91341628,37.51748102,38.1206835,38.72312147,39.3246876,39.9262637,40.52787283,41.12918534,41.73020514,42.33069076,42.93054835,43.52960545,,,
Malaysia,MYS,People using at least basic sanitation services (% of population),SH.STA.BASS.ZS,,,,,,,,,,,,,,,,,,,,,,,,,,,,,,,,,,,,,,,,,96.78226455,97.01010992,97.23354273,97.45266572,97.66754292,97.87812618,98.08458287,98.28695964,98.48533332,98.67972224,98.87025717,99.05700612,99.23982289,99.41890141,99.56713717,99.57400673,,,
North America,NAC,People using at least basic sanitation services (% of population),SH.STA.BASS.ZS,,,,,,,,,,,,,,,,,,,,,,,,,,,,,,,,,,,,,,,,,99.82262636,99.82276934,99.82297589,99.82296366,99.82302965,99.82310879,99.82348973,99.8236271,99.82361031,99.82342007,99.82321045,99.82304881,99.82264381,99.82222719,99.82195148,99.82201237,,,
Namibia,NAM,People using at least basic sanitation services (% of population),SH.STA.BASS.ZS,,,,,,,,,,,,,,,,,,,,,,,,,,,,,,,,,,,,,,,,,28.36066303,28.57775089,28.93966871,29.32882232,29.71864266,30.10689993,30.49477729,30.88134022,31.26691864,31.64895281,32.02985111,32.40749304,32.78263375,33.14560613,33.49733911,33.83676724,,,
New Caledonia,NCL,People using at least basic sanitation services (% of population),SH.STA.BASS.ZS,,,,,,,,,,,,,,,,,,,,,,,,,,,,,,,,,,,,,,,,,100,100,100,100,100,100,100,100,100,100,100,100,100,100,100,100,,,
Niger,NER,People using at least basic sanitation services (% of population),SH.STA.BASS.ZS,,,,,,,,,,,,,,,,,,,,,,,,,,,,,,,,,,,,,,,,,5.986474452,6.40641232,6.830733193,7.259749581,7.694319518,8.134247867,8.580430542,9.0329357,9.492104259,9.958917362,10.43311358,10.91571195,11.40676167,11.90699007,12.41716235,12.93732773,,,
Nigeria,NGA,People using at least basic sanitation services (% of population),SH.STA.BASS.ZS,,,,,,,,,,,,,,,,,,,,,,,,,,,,,,,,,,,,,,,,,36.46033315,36.14097441,35.83044716,35.52884398,35.2362374,34.95261221,34.67813128,34.41289981,34.15702298,33.91025499,33.67291918,33.44354146,33.22197156,33.00784367,32.80097746,32.600957,,,
Nicaragua,NIC,People using at least basic sanitation services (% of population),SH.STA.BASS.ZS,,,,,,,,,,,,,,,,,,,,,,,,,,,,,,,,,,,,,,,,,60.42748317,61.49288262,62.55698784,63.61924963,64.68021062,65.73907161,66.79897045,67.85929564,68.91996849,69.98116032,71.04253588,72.10401649,73.16552345,74.22697807,75.28830167,76.34918523,,,
Netherlands,NLD,People using at least basic sanitation services (% of population),SH.STA.BASS.ZS,,,,,,,,,,,,,,,,,,,,,,,,,,,,,,,,,,,,,,,,,98.05689677,98.03189847,98.00095185,97.97134419,97.9430742,97.91618848,97.89195516,97.87020402,97.84942461,97.82920921,97.80950942,97.79085083,97.7731129,97.7563903,97.74104039,97.72696627,,,
Norway,NOR,People using at least basic sanitation services (% of population),SH.STA.BASS.ZS,,,,,,,,,,,,,,,,,,,,,,,,,,,,,,,,,,,,,,,,,98.071757,98.070317,98.069003,98.06831,98.068175,98.06753,98.066333,98.065298,98.064422,98.063555,98.062694,98.061845,98.061005,98.060183,98.059376,98.058581,,,
Nepal,NPL,People using at least basic sanitation services (% of population),SH.STA.BASS.ZS,,,,,,,,,,,,,,,,,,,,,,,,,,,,,,,,,,,,,,,,,19.19153233,21.09252842,22.92429415,24.75003126,26.56976925,28.38309259,30.18982036,31.98977159,33.78292756,35.56892099,37.34770902,39.1189485,40.88280034,42.63887314,44.38691359,46.1265906,,,
Nauru,NRU,People using at least basic sanitation services (% of population),SH.STA.BASS.ZS,,,,,,,,,,,,,,,,,,,,,,,,,,,,,,,,,,,,,,,,,65.70205293,65.69385859,65.68566424,65.67746989,65.66927555,65.6610812,65.65288685,65.64469251,65.63649816,65.62830381,65.62010947,65.61191512,65.60372077,65.59552643,65.59552643,65.59552643,,,
New Zealand,NZL,People using at least basic sanitation services (% of population),SH.STA.BASS.ZS,,,,,,,,,,,,,,,,,,,,,,,,,,,,,,,,,,,,,,,,,100,100,100,100,100,100,100,100,100,100,100,100,100,100,100,100,,,
OECD members,OED,People using at least basic sanitation services (% of population),SH.STA.BASS.ZS,,,,,,,,,,,,,,,,,,,,,,,,,,,,,,,,,,,,,,,,,95.7615472,95.87965151,96.05470794,96.22872062,96.4015578,96.57279506,96.86535146,97.02614665,97.18700583,97.34604113,97.50503655,97.66104735,97.81946414,97.97602134,98.13503111,98.25946557,,,
Oman,OMN,People using at least basic sanitation services (% of population),SH.STA.BASS.ZS,,,,,,,,,,,,,,,,,,,,,,,,,,,,,,,,,,,,,,,,,88.08626238,88.08293014,88.98195354,89.88145952,90.82552923,91.7921058,92.74421851,93.68199031,94.60567454,95.51538438,96.41156163,97.29445966,98.16399282,98.86287404,99.27523095,99.31807583,,,
Other small states,OSS,People using at least basic sanitation services (% of population),SH.STA.BASS.ZS,,,,,,,,,,,,,,,,,,,,,,,,,,,,,,,,,,,,,,,,,54.00557406,54.43692427,55.34928345,55.84923008,56.4115676,57.05455353,58.65972659,59.97219278,60.69884483,61.36401629,61.94447506,62.41868811,62.81920932,63.16441666,63.4562074,63.73002271,,,
Pakistan,PAK,People using at least basic sanitation services (% of population),SH.STA.BASS.ZS,,,,,,,,,,,,,,,,,,,,,,,,,,,,,,,,,,,,,,,,,31.6319313,33.4568092,35.27781253,37.09330221,38.90315276,40.70628848,42.50254859,44.29129716,46.07189829,47.84334697,49.60541172,51.35745664,53.09884583,54.82864491,56.54627097,58.25140423,,,
Panama,PAN,People using at least basic sanitation services (% of population),SH.STA.BASS.ZS,,,,,,,,,,,,,,,,,,,,,,,,,,,,,,,,,,,,,,,,,64.1380323,64.99997423,65.85982224,66.71758539,67.57357066,68.42718828,69.27874826,70.1285485,70.97601738,71.82145582,72.6648729,73.50738467,74.34896391,75.18958341,76.02894828,76.86704038,,,
Peru,PER,People using at least basic sanitation services (% of population),SH.STA.BASS.ZS,,,,,,,,,,,,,,,,,,,,,,,,,,,,,,,,,,,,,,,,,62.62078788,63.67945417,64.72134959,65.74714996,66.75658244,67.74944747,68.72682191,69.68810515,70.63430078,71.56349706,72.47684413,73.37410771,74.25636466,75.12345399,75.97637928,76.8155252,,,
Philippines,PHL,People using at least basic sanitation services (% of population),SH.STA.BASS.ZS,,,,,,,,,,,,,,,,,,,,,,,,,,,,,,,,,,,,,,,,,66.9631634,67.47167026,67.98368279,68.4988937,69.01745972,69.53964485,70.06503453,70.59376696,71.12584213,71.66136727,72.20022277,72.74534882,73.29616973,73.85202734,74.41251707,74.9769045,,,
Palau,PLW,People using at least basic sanitation services (% of population),SH.STA.BASS.ZS,,,,,,,,,,,,,,,,,,,,,,,,,,,,,,,,,,,,,,,,,84.67935929,86.53930047,88.30684347,89.98488048,91.57812649,93.08980131,94.52074437,95.87883595,97.1718886,98.40696541,99.59064744,100,100,100,100,100,,,
Papua New Guinea,PNG,People using at least basic sanitation services (% of population),SH.STA.BASS.ZS,,,,,,,,,,,,,,,,,,,,,,,,,,,,,,,,,,,,,,,,,18.68797084,18.67870645,18.67112649,18.66354654,18.65554547,18.64796551,18.64038556,18.6328056,18.62522564,18.61764568,18.61006573,18.60206466,18.5944847,18.59237916,18.59574803,18.6041702,,,
Poland,POL,People using at least basic sanitation services (% of population),SH.STA.BASS.ZS,,,,,,,,,,,,,,,,,,,,,,,,,,,,,,,,,,,,,,,,,87.01241371,87.76122075,88.50602334,89.23068812,89.95786488,90.687708,91.42032425,92.15548819,92.89323553,93.63374409,94.37691901,95.1227603,95.87197479,96.62387174,97.37771275,98.13271295,,,
Pre-demographic dividend,PRE,People using at least basic sanitation services (% of population),SH.STA.BASS.ZS,,,,,,,,,,,,,,,,,,,,,,,,,,,,,,,,,,,,,,,,,25.84045522,26.0234377,26.2726749,26.51526861,26.76305528,27.07564036,27.39219798,27.71317458,28.03937819,28.37363218,28.71793933,28.76982548,29.13865983,29.50909513,29.85045019,30.18321904,,,
Puerto Rico,PRI,People using at least basic sanitation services (% of population),SH.STA.BASS.ZS,,,,,,,,,,,,,,,,,,,,,,,,,,,,,,,,,,,,,,,,,97.05766225,97.06430286,97.07094348,97.07758409,97.08422471,97.09086532,97.09750594,97.10414656,97.11078717,97.11742779,97.1240684,97.13070902,97.13734963,97.14399025,97.15063086,97.15727148,,,
"Korea, Dem. Peoples Rep.",PRK,People using at least basic sanitation services (% of population),SH.STA.BASS.ZS,,,,,,,,,,,,,,,,,,,,,,,,,,,,,,,,,,,,,,,,,,,76.94787827,76.95904171,76.97034827,76.98151171,76.99281827,77.00398171,77.01514515,77.02630858,77.03947572,77.05464654,77.07182106,77.09085616,77.11175183,77.13465119,,,
Portugal,PRT,People using at least basic sanitation services (% of population),SH.STA.BASS.ZS,,,,,,,,,,,,,,,,,,,,,,,,,,,,,,,,,,,,,,,,,97.31620145,97.47384713,97.62871777,97.7813671,97.93180044,98.07995878,98.22594023,98.36970714,98.51128624,98.65066113,98.78788005,98.92294817,99.05585926,99.18665726,99.31540073,99.44214277,,,
Paraguay,PRY,People using at least basic sanitation services (% of population),SH.STA.BASS.ZS,,,,,,,,,,,,,,,,,,,,,,,,,,,,,,,,,,,,,,,,,71.90628095,73.36915523,74.8153645,76.13267631,77.42214603,78.70542508,79.98284365,81.25440174,82.52009935,83.7794303,85.03319242,86.28111977,87.52299781,88.76068029,89.99385878,91.22222482,,,
West Bank and Gaza,PSE,People using at least basic sanitation services (% of population),SH.STA.BASS.ZS,,,,,,,,,,,,,,,,,,,,,,,,,,,,,,,,,,,,,,,,,94.33644382,94.44981357,94.56299136,94.67604214,94.78890271,94.90163976,95.01422213,95.1266169,95.23889339,95.35091383,95.46267561,95.57414014,95.68537631,95.79634596,95.9070092,95.95164871,,,
Pacific island small states,PSS,People using at least basic sanitation services (% of population),SH.STA.BASS.ZS,,,,,,,,,,,,,,,,,,,,,,,,,,,,,,,,,,,,,,,,,63.76565129,64.37786641,64.24408837,64.59635542,64.94570323,65.47735128,65.53993226,66.09565018,66.6652306,67.23814465,67.80633873,68.3598815,68.90432284,69.33060387,69.74486568,70.77586313,,,
Post-demographic dividend,PST,People using at least basic sanitation services (% of population),SH.STA.BASS.ZS,,,,,,,,,,,,,,,,,,,,,,,,,,,,,,,,,,,,,,,,,98.88796098,98.90787868,98.92802318,98.94605198,98.96275342,98.97946582,99.01196531,99.0271836,99.04222554,99.05603209,99.06920557,99.08127386,99.09245655,99.10161493,99.11096669,99.11942043,,,
French Polynesia,PYF,People using at least basic sanitation services (% of population),SH.STA.BASS.ZS,,,,,,,,,,,,,,,,,,,,,,,,,,,,,,,,,,,,,,,,,98.37175494,98.26338772,98.1550205,98.04665327,97.93828605,97.82991883,97.72155161,97.61318439,97.50481716,97.39644994,97.28808272,97.1797155,97.07134827,96.96298105,96.85461383,96.85461383,,,
Qatar,QAT,People using at least basic sanitation services (% of population),SH.STA.BASS.ZS,,,,,,,,,,,,,,,,,,,,,,,,,,,,,,,,,,,,,,,,,,,99.41666667,99.41666667,99.41666667,99.41666667,99.41666667,99.48148148,99.5462963,99.61111111,99.67592593,99.74074074,99.80555556,99.87037037,99.93518519,100,,,
Romania,ROU,People using at least basic sanitation services (% of population),SH.STA.BASS.ZS,,,,,,,,,,,,,,,,,,,,,,,,,,,,,,,,,,,,,,,,,,,,,,,81.49735003,81.53016439,81.56297875,81.59579311,81.62860747,81.66142184,81.6942362,81.73030694,81.76988457,81.81271859,,,
Russian Federation,RUS,People using at least basic sanitation services (% of population),SH.STA.BASS.ZS,,,,,,,,,,,,,,,,,,,,,,,,,,,,,,,,,,,,,,,,,83.79797461,84.12137816,84.44453327,84.78086334,85.12063046,85.45906515,85.7961674,86.13193721,86.46637459,86.79921629,87.1310036,87.46145848,87.79255044,88.12428781,88.45561435,88.78669802,,,
Rwanda,RWA,People using at least basic sanitation services (% of population),SH.STA.BASS.ZS,,,,,,,,,,,,,,,,,,,,,,,,,,,,,,,,,,,,,,,,,44.24980431,45.6481846,47.02498397,48.35937481,49.66971739,50.95735861,52.22116275,53.45982464,54.67194486,55.85566811,57.01068628,58.13662641,59.23332221,60.30064222,61.33878845,62.34782504,,,
South Asia,SAS,People using at least basic sanitation services (% of population),SH.STA.BASS.ZS,,,,,,,,,,,,,,,,,,,,,,,,,,,,,,,,,,,,,,,,,23.89743291,25.38809356,26.9150341,28.43910766,29.96041933,31.47827871,32.99305786,34.50509723,36.0144391,37.52049121,39.02349895,40.5234276,42.02146369,43.51869484,45.01276515,46.49805134,,,
Saudi Arabia,SAU,People using at least basic sanitation services (% of population),SH.STA.BASS.ZS,,,,,,,,,,,,,,,,,,,,,,,,,,,,,,,,,,,,,,,,,98.1777041,98.1777041,98.1777041,98.40549109,98.63327808,98.86106506,99.08885205,99.31663904,99.54442603,99.77221301,100,100,100,100,100,100,,,
Sudan,SDN,People using at least basic sanitation services (% of population),SH.STA.BASS.ZS,,,,,,,,,,,,,,,,,,,,,,,,,,,,,,,,,,,,,,,,,20.94469293,20.96067078,20.97664863,20.99262648,21.00860433,22.22449492,23.44081985,24.65757911,25.8747727,27.09819584,28.32839585,29.56527613,30.8093922,32.06063927,33.3192386,34.58610454,,,
Senegal,SEN,People using at least basic sanitation services (% of population),SH.STA.BASS.ZS,,,,,,,,,,,,,,,,,,,,,,,,,,,,,,,,,,,,,,,,,38.51165887,39.14814053,39.78426032,40.41967109,41.05943448,41.70344121,42.3519146,43.00440795,43.66081199,44.32101746,44.98523795,45.65271603,46.32430377,46.99893057,47.67712076,48.35813633,,,
Singapore,SGP,People using at least basic sanitation services (% of population),SH.STA.BASS.ZS,,,,,,,,,,,,,,,,,,,,,,,,,,,,,,,,,,,,,,,,,100,100,100,100,100,100,100,100,100,100,100,100,100,100,100,100,,,
Solomon Islands,SLB,People using at least basic sanitation services (% of population),SH.STA.BASS.ZS,,,,,,,,,,,,,,,,,,,,,,,,,,,,,,,,,,,,,,,,,20.86178016,21.05357353,21.2493214,21.44902378,21.65268065,22.55586881,23.47313981,24.40477829,25.35161065,26.31284987,27.28931049,28.27608115,29.27371547,29.96144983,30.62692715,31.26703902,,,
Sierra Leone,SLE,People using at least basic sanitation services (% of population),SH.STA.BASS.ZS,,,,,,,,,,,,,,,,,,,,,,,,,,,,,,,,,,,,,,,,,10.0586957,10.35206689,10.64529838,10.9383883,11.23133475,11.52397497,11.81823204,12.11408334,12.41166531,12.71063671,13.01113458,13.31313634,13.61661939,13.92171701,14.22809425,14.53588501,,,
El Salvador,SLV,People using at least basic sanitation services (% of population),SH.STA.BASS.ZS,,,,,,,,,,,,,,,,,,,,,,,,,,,,,,,,,,,,,,,,,81.90933027,82.01177701,82.11385257,82.87125329,83.61810042,84.35379401,85.07891932,85.79339519,86.49679258,87.18919174,87.87082054,88.5418067,89.20258787,89.85320114,90.4939745,91.12507367,,,
San Marino,SMR,People using at least basic sanitation services (% of population),SH.STA.BASS.ZS,,,,,,,,,,,,,,,,,,,,,,,,,,,,,,,,,,,,,,,,,100,100,100,100,100,100,100,100,100,100,100,100,100,100,100,100,,,
Somalia,SOM,People using at least basic sanitation services (% of population),SH.STA.BASS.ZS,,,,,,,,,,,,,,,,,,,,,,,,,,,,,,,,,,,,,,,,,22.42028833,22.06700538,21.70456364,21.33468859,20.95704583,20.57095862,20.17679111,19.77385264,19.36150829,18.94003858,18.50852202,18.066666,17.61442267,17.15145762,16.67721953,16.19141579,,,
Serbia,SRB,People using at least basic sanitation services (% of population),SH.STA.BASS.ZS,,,,,,,,,,,,,,,,,,,,,,,,,,,,,,,,,,,,,,,,,97.56346338,97.36071524,97.16022029,96.96197851,96.7659661,96.57219847,96.38067561,96.19139751,95.99554835,95.80007473,95.60501307,95.41041661,95.21618308,95.02340947,94.83224431,94.64288939,,,
Sub-Saharan Africa (excluding high income),SSA,People using at least basic sanitation services (% of population),SH.STA.BASS.ZS,,,,,,,,,,,,,,,,,,,,,,,,,,,,,,,,,,,,,,,,,24.49317922,24.70227936,24.91653638,25.1281718,25.34084238,25.60646825,25.87565785,26.14877642,26.42796048,26.71154722,27.00027539,27.05910428,27.36231057,27.66455652,27.96826681,28.26548724,,,
South Sudan,SSD,People using at least basic sanitation services (% of population),SH.STA.BASS.ZS,,,,,,,,,,,,,,,,,,,,,,,,,,,,,,,,,,,,,,,,,,,,,,,,,,,,7.00649574,7.830278567,8.661834928,9.501535818,10.35011306,,,
Sub-Saharan Africa,SSF,People using at least basic sanitation services (% of population),SH.STA.BASS.ZS,,,,,,,,,,,,,,,,,,,,,,,,,,,,,,,,,,,,,,,,,24.5016894,24.71060162,24.92491881,25.13626792,25.34872067,25.61419199,25.88335227,26.15632101,26.43548549,26.71891439,27.00766198,27.06606009,27.36915672,27.67134588,27.9749886,28.27214963,,,
Small states,SST,People using at least basic sanitation services (% of population),SH.STA.BASS.ZS,,,,,,,,,,,,,,,,,,,,,,,,,,,,,,,,,,,,,,,,,61.99886679,62.33915956,62.54546166,62.90920711,63.31360984,63.7788886,64.78361558,65.67052263,66.20249412,66.69515243,67.13076007,67.49367236,67.79740103,68.05445212,68.2393878,68.45954106,,,
Sao Tome and Principe,STP,People using at least basic sanitation services (% of population),SH.STA.BASS.ZS,,,,,,,,,,,,,,,,,,,,,,,,,,,,,,,,,,,,,,,,,20.86664852,22.11671221,23.37567391,24.64043432,25.91033535,27.1850911,28.46415134,29.74709315,31.03349361,32.32308628,33.61530148,34.90971628,36.20607885,37.50398082,38.80301388,40.10276968,,,
Suriname,SUR,People using at least basic sanitation services (% of population),SH.STA.BASS.ZS,,,,,,,,,,,,,,,,,,,,,,,,,,,,,,,,,,,,,,,,,80.92612197,80.81214631,80.69852091,80.58471798,80.47100111,80.32332786,80.17239122,80.02110845,79.86974551,79.71857072,79.56704802,79.41544516,79.26376213,79.24539648,79.23054191,79.21919843,,,
Slovak Republic,SVK,People using at least basic sanitation services (% of population),SH.STA.BASS.ZS,,,,,,,,,,,,,,,,,,,,,,,,,,,,,,,,,,,,,,,,,98.84408723,98.8506898,98.85637165,98.86208385,98.86782642,98.87359935,98.87939136,98.88521393,98.89107815,98.89696175,98.90152721,98.90614834,98.91112401,98.91645629,98.92214685,98.9281762,,,
Slovenia,SVN,People using at least basic sanitation services (% of population),SH.STA.BASS.ZS,,,,,,,,,,,,,,,,,,,,,,,,,,,,,,,,,,,,,,,,,99.10781906,99.10783299,99.1078315,99.10778573,99.10773996,99.10769418,99.10764841,99.10760264,99.10755637,99.10751109,99.10746483,99.10741905,99.10737328,99.10732751,99.10729318,99.10727079,,,
Sweden,SWE,People using at least basic sanitation services (% of population),SH.STA.BASS.ZS,,,,,,,,,,,,,,,,,,,,,,,,,,,,,,,,,,,,,,,,,99.313896,99.313716,99.313468,99.313216,99.312968,99.312724,99.31228,99.311648,99.311016,99.310392,99.309776,99.30916,99.308548,99.30708355,99.30530685,99.30353361,,,
Eswatini,SWZ,People using at least basic sanitation services (% of population),SH.STA.BASS.ZS,,,,,,,,,,,,,,,,,,,,,,,,,,,,,,,,,,,,,,,,,49.21641871,49.79090585,50.36730464,50.94559425,51.52559746,52.10754884,52.69127812,53.27684266,53.86487697,54.45521977,55.04740731,55.64117747,56.23624036,56.83223125,57.42886721,58.02583569,,,
Sint Maarten (Dutch part),SXM,People using at least basic sanitation services (% of population),SH.STA.BASS.ZS,,,,,,,,,,,,,,,,,,,,,,,,,,,,,,,,,,,,,,,,,,,,,,,,98.72001072,98.72001072,98.72001072,98.72001072,98.72001072,98.72001072,98.72001072,98.72001072,98.72001072,,,
Seychelles,SYC,People using at least basic sanitation services (% of population),SH.STA.BASS.ZS,,,,,,,,,,,,,,,,,,,,,,,,,,,,,,,,,,,,,,,,,94.13770987,94.56256666,94.98742344,95.41228022,95.83713701,96.26199379,96.68685057,97.11170736,97.53656414,97.96142093,98.38627771,98.81113449,99.23599128,99.57709979,100,100,,,
Syrian Arab Republic,SYR,People using at least basic sanitation services (% of population),SH.STA.BASS.ZS,,,,,,,,,,,,,,,,,,,,,,,,,,,,,,,,,,,,,,,,,93.05713944,93.03831616,93.02000343,93.00208212,92.98467257,92.9675915,92.95127152,92.93565891,92.92076102,92.90652106,92.89307412,92.88023321,92.86813405,92.89427564,92.92068128,92.94715294,,,
Turks and Caicos Islands,TCA,People using at least basic sanitation services (% of population),SH.STA.BASS.ZS,,,,,,,,,,,,,,,,,,,,,,,,,,,,,,,,,,,,,,,,,80.89318182,81.4,81.90681818,82.41363636,82.92045455,83.42727273,83.93409091,84.44090909,84.94772727,85.45454545,85.96136364,86.46818182,86.975,87.48181818,87.98863636,87.98863636,,,
Chad,TCD,People using at least basic sanitation services (% of population),SH.STA.BASS.ZS,,,,,,,,,,,,,,,,,,,,,,,,,,,,,,,,,,,,,,,,,9.904007481,9.869623234,9.835622552,9.802365908,9.769677368,9.737556932,9.706004602,9.675247954,9.644840441,9.615001032,9.589784151,9.569602966,9.554870644,9.546279576,9.54398092,9.548387843,,,
East Asia & Pacific (IDA & IBRD countries),TEA,People using at least basic sanitation services (% of population),SH.STA.BASS.ZS,,,,,,,,,,,,,,,,,,,,,,,,,,,,,,,,,,,,,,,,,59.94270866,60.64317741,61.64976681,62.66937193,63.68825327,64.70547844,65.71296604,66.71482488,67.71523905,68.71283318,69.70842085,70.7009543,71.68477055,72.65847065,73.62153992,74.57301863,,,
Europe & Central Asia (IDA & IBRD countries),TEC,People using at least basic sanitation services (% of population),SH.STA.BASS.ZS,,,,,,,,,,,,,,,,,,,,,,,,,,,,,,,,,,,,,,,,,86.94065008,87.28337178,87.78248563,88.2914782,88.80656768,89.32752572,89.44775908,89.87476387,90.27997732,90.68734839,91.09993635,91.51113858,91.91779426,92.32584828,92.73513427,93.03656362,,,
Togo,TGO,People using at least basic sanitation services (% of population),SH.STA.BASS.ZS,,,,,,,,,,,,,,,,,,,,,,,,,,,,,,,,,,,,,,,,,10.97156692,11.1509937,11.33324402,11.51813556,11.70568833,11.89570888,12.08842623,12.28386038,12.48225146,12.68273678,12.88621461,13.09225804,13.30179646,13.51417619,13.72965068,13.94848231,,,
Thailand,THA,People using at least basic sanitation services (% of population),SH.STA.BASS.ZS,,,,,,,,,,,,,,,,,,,,,,,,,,,,,,,,,,,,,,,,,94.87428517,94.89768862,94.91968227,94.93585174,94.95028318,94.96310739,94.97418703,94.9835684,94.99124582,94.9972987,95.00168962,95.00512051,95.00771633,95.00954201,95.01071147,95.01129717,,,
Tajikistan,TJK,People using at least basic sanitation services (% of population),SH.STA.BASS.ZS,,,,,,,,,,,,,,,,,,,,,,,,,,,,,,,,,,,,,,,,,89.87617778,90.27693603,90.67793339,91.0791177,91.48129024,91.8833237,92.28524801,92.68704066,93.08871675,93.49026688,93.89169646,94.29299836,94.69394342,95.09433158,95.49396277,95.49214151,,,
Turkmenistan,TKM,People using at least basic sanitation services (% of population),SH.STA.BASS.ZS,,,,,,,,,,,,,,,,,,,,,,,,,,,,,,,,,,,,,,,,,95.18971954,95.28801733,95.38574856,95.4829378,95.57958506,95.6753537,95.77017217,95.86403011,95.95685357,96.04859919,96.13929686,96.22883479,96.31720865,96.4043787,96.4903052,96.56707336,,,
Latin America & the Caribbean (IDA & IBRD countries),TLA,People using at least basic sanitation services (% of population),SH.STA.BASS.ZS,,,,,,,,,,,,,,,,,,,,,,,,,,,,,,,,,,,,,,,,,74.70907578,75.48675007,76.24784028,77.00726171,77.76039171,78.50742944,79.24824933,79.98274577,80.71086955,81.43089698,82.14205671,82.84635881,83.54266891,84.23055634,84.88618289,85.5117765,,,
Timor-Leste,TLS,People using at least basic sanitation services (% of population),SH.STA.BASS.ZS,,,,,,,,,,,,,,,,,,,,,,,,,,,,,,,,,,,,,,,,,,,33.97242277,34.59377813,35.22453565,35.93662016,36.66793433,37.41705778,38.18399944,38.96872145,39.77223541,40.59376093,41.42965558,42.27781152,43.13836021,44.01105596,,,
Middle East & North Africa (IDA & IBRD countries),TMN,People using at least basic sanitation services (% of population),SH.STA.BASS.ZS,,,,,,,,,,,,,,,,,,,,,,,,,,,,,,,,,,,,,,,,,82.57297063,82.85601785,83.13395455,83.50130266,83.86884306,84.22246931,84.57934925,84.93368512,85.28293592,85.62470734,85.95862755,86.28618316,86.61075631,86.93664492,87.1887938,87.43567243,,,
Tonga,TON,People using at least basic sanitation services (% of population),SH.STA.BASS.ZS,,,,,,,,,,,,,,,,,,,,,,,,,,,,,,,,,,,,,,,,,88.72735091,88.73117797,88.73487307,88.73870013,88.7425272,89.21606968,89.68921683,90.16330242,90.63765779,91.11103131,91.58342297,92.05483279,92.52531999,92.99515818,93.46427962,93.46756406,,,
South Asia (IDA & IBRD),TSA,People using at least basic sanitation services (% of population),SH.STA.BASS.ZS,,,,,,,,,,,,,,,,,,,,,,,,,,,,,,,,,,,,,,,,,23.89743291,25.38809356,26.9150341,28.43910766,29.96041933,31.47827871,32.99305786,34.50509723,36.0144391,37.52049121,39.02349895,40.5234276,42.02146369,43.51869484,45.01276515,46.49805134,,,
Sub-Saharan Africa (IDA & IBRD countries),TSS,People using at least basic sanitation services (% of population),SH.STA.BASS.ZS,,,,,,,,,,,,,,,,,,,,,,,,,,,,,,,,,,,,,,,,,24.5016894,24.71060162,24.92491881,25.13626792,25.34872067,25.61419199,25.88335227,26.15632101,26.43548549,26.71891439,27.00766198,27.06606009,27.36915672,27.67134588,27.9749886,28.27214963,,,
Trinidad and Tobago,TTO,People using at least basic sanitation services (% of population),SH.STA.BASS.ZS,,,,,,,,,,,,,,,,,,,,,,,,,,,,,,,,,,,,,,,,,90.54915574,90.69437055,90.83958536,90.98480018,91.13001499,91.2752298,91.42044462,91.56565943,91.71087424,91.85608906,92.00130387,92.14651868,92.14651868,92.14651868,92.14651868,92.14651868,,,
Tunisia,TUN,People using at least basic sanitation services (% of population),SH.STA.BASS.ZS,,,,,,,,,,,,,,,,,,,,,,,,,,,,,,,,,,,,,,,,,80.43639257,81.40364571,82.35856629,83.30157797,84.22063667,85.0762888,85.92655843,86.77149077,87.61164674,88.44625279,89.27608247,90.10066529,90.92182452,91.7391984,92.5037584,93.1278284,,,
Turkey,TUR,People using at least basic sanitation services (% of population),SH.STA.BASS.ZS,,,,,,,,,,,,,,,,,,,,,,,,,,,,,,,,,,,,,,,,,82.63863106,82.75514141,83.82216932,84.88028322,85.92957965,86.96964095,88.0012814,89.02426119,90.03869615,91.04441079,92.04197723,93.03122643,94.0112827,94.98231571,95.94474785,96.37269351,,,
Tuvalu,TUV,People using at least basic sanitation services (% of population),SH.STA.BASS.ZS,,,,,,,,,,,,,,,,,,,,,,,,,,,,,,,,,,,,,,,,,,86.26508766,86.32478617,86.44287912,86.59096622,86.73890842,87.47434022,88.17463636,88.83979684,89.46944096,90.06394446,90.62346205,91.14814843,91.59199528,91.40391321,91.41039809,,,
Tanzania,TZA,People using at least basic sanitation services (% of population),SH.STA.BASS.ZS,,,,,,,,,,,,,,,,,,,,,,,,,,,,,,,,,,,,,,,,,6.51250979,7.550242987,8.594973462,9.664425282,10.74863362,11.84497848,12.95384911,14.07541546,15.21022155,16.35800917,17.51961379,18.6948688,19.88436332,21.08784957,22.30439908,23.53406597,,,
Uganda,UGA,People using at least basic sanitation services (% of population),SH.STA.BASS.ZS,,,,,,,,,,,,,,,,,,,,,,,,,,,,,,,,,,,,,,,,,15.44015509,15.67101317,15.90154444,16.1519962,16.40700566,16.66105161,16.91436744,17.16677271,17.41822583,17.66868523,17.91823157,18.16669548,18.41426879,18.66089328,18.90651075,19.15095459,,,
Ukraine,UKR,People using at least basic sanitation services (% of population),SH.STA.BASS.ZS,,,,,,,,,,,,,,,,,,,,,,,,,,,,,,,,,,,,,,,,,94.66106862,94.7463349,94.83581529,94.92792744,95.02122494,95.11536664,95.20790122,95.29969892,95.39082438,95.48122052,95.57133443,95.66107316,95.75040273,95.83928915,95.92769842,95.93784236,,,
Upper middle income,UMC,People using at least basic sanitation services (% of population),SH.STA.BASS.ZS,,,,,,,,,,,,,,,,,,,,,,,,,,,,,,,,,,,,,,,,,69.05396934,69.5970334,70.42383699,71.25589823,72.08945345,72.92183949,73.82254588,74.63813493,75.45354362,76.2699919,77.08353999,77.89484746,78.69907633,79.49458486,80.2627406,81.00135744,,,
Uruguay,URY,People using at least basic sanitation services (% of population),SH.STA.BASS.ZS,,,,,,,,,,,,,,,,,,,,,,,,,,,,,,,,,,,,,,,,,94.12981427,94.15693747,94.18317301,94.20871814,94.2333756,94.38447603,94.53105564,94.67321222,94.8112081,94.94515744,95.07535573,95.20190894,95.32498897,95.44466781,95.56121555,95.6749109,,,
United States,USA,People using at least basic sanitation services (% of population),SH.STA.BASS.ZS,,,,,,,,,,,,,,,,,,,,,,,,,,,,,,,,,,,,,,,,,99.96682066,99.96700943,99.96719606,99.96738163,99.9675672,99.96774957,99.96793193,99.96811324,99.96829347,99.96847264,99.96864968,99.96882885,99.96900802,99.96918825,99.96936955,99.96955086,,,
Uzbekistan,UZB,People using at least basic sanitation services (% of population),SH.STA.BASS.ZS,,,,,,,,,,,,,,,,,,,,,,,,,,,,,,,,,,,,,,,,,89.29304522,91.00280492,92.71842764,94.43991338,96.16730518,97.90052117,99.63956135,100,100,100,100,100,100,100,100,100,,,
St. Vincent and the Grenadines,VCT,People using at least basic sanitation services (% of population),SH.STA.BASS.ZS,,,,,,,,,,,,,,,,,,,,,,,,,,,,,,,,,,,,,,,,,70.82977766,71.99796103,73.16614441,74.33432778,75.50251116,76.67069453,77.83887791,79.00706128,80.17524465,81.34342803,82.5116114,83.67979478,84.84797815,86.01616153,87.1843449,87.1843449,,,
"Venezuela, RB",VEN,People using at least basic sanitation services (% of population),SH.STA.BASS.ZS,,,,,,,,,,,,,,,,,,,,,,,,,,,,,,,,,,,,,,,,,87.2817895,87.97537697,88.59167768,89.17128913,89.74999142,90.3274431,90.90433787,91.48000369,92.05478198,92.62867276,93.20167602,93.77379175,94.34501997,94.90993028,94.92190514,94.93438957,,,
British Virgin Islands,VGB,People using at least basic sanitation services (% of population),SH.STA.BASS.ZS,,,,,,,,,,,,,,,,,,,,,,,,,,,,,,,,,,,,,,,,,96.7851984,96.79126349,96.79732858,96.80339367,96.80945876,96.81552385,96.82158894,96.82765403,96.83371912,96.83978421,96.8458493,96.85191439,96.85797948,96.85797948,96.85797948,96.85797948,,,
Virgin Islands (U.S.),VIR,People using at least basic sanitation services (% of population),SH.STA.BASS.ZS,,,,,,,,,,,,,,,,,,,,,,,,,,,,,,,,,,,,,,,,,96.4,96.49989732,96.59979464,96.69969196,96.79958927,96.89948659,96.99938391,97.09928123,97.19917855,97.29907587,97.39897318,97.4988705,97.59876782,97.59876782,97.59876782,97.59876782,,,
Vietnam,VNM,People using at least basic sanitation services (% of population),SH.STA.BASS.ZS,,,,,,,,,,,,,,,,,,,,,,,,,,,,,,,,,,,,,,,,,53.40373302,55.14840048,56.88283389,58.60524804,60.31636957,62.01486899,63.70109258,65.37470123,67.03507594,68.68138063,70.31287968,71.92918014,73.52993933,75.1150819,76.68432794,78.23744781,,,
Vanuatu,VUT,People using at least basic sanitation services (% of population),SH.STA.BASS.ZS,,,,,,,,,,,,,,,,,,,,,,,,,,,,,,,,,,,,,,,,,52.98796962,53.01815783,53.04856166,53.07939676,53.11044749,53.14171384,53.17330364,53.20510908,53.23723795,53.26969027,53.30235823,53.33524181,53.3682332,53.40144023,53.43475507,53.46828554,,,
World,WLD,People using at least basic sanitation services (% of population),SH.STA.BASS.ZS,,,,,,,,,,,,,,,,,,,,,,,,,,,,,,,,,,,,,,,,,58.01252917,58.54790027,59.26639846,59.92080112,60.57927623,61.24667402,62.31472184,62.97423168,63.63393033,64.29024469,64.94115829,65.49171795,66.13224139,66.76961393,67.39749123,68.0090973,,,
Samoa,WSM,People using at least basic sanitation services (% of population),SH.STA.BASS.ZS,,,,,,,,,,,,,,,,,,,,,,,,,,,,,,,,,,,,,,,,,98.66450294,98.66546383,98.66412281,98.66155691,98.65901213,98.47496764,98.29059331,98.1059447,97.92102161,97.73579237,97.55026143,97.36441747,97.1782957,96.99217833,96.80610758,96.62010695,,,
Kosovo,XKX,People using at least basic sanitation services (% of population),SH.STA.BASS.ZS,,,,,,,,,,,,,,,,,,,,,,,,,,,,,,,,,,,,,,,,,,,,,,,,,,,,,,,,,,,
"Yemen, Rep.",YEM,People using at least basic sanitation services (% of population),SH.STA.BASS.ZS,,,,,,,,,,,,,,,,,,,,,,,,,,,,,,,,,,,,,,,,,41.22860322,41.52902909,41.8340769,43.25139576,44.6631735,46.06812173,47.46610759,48.85646473,50.23961144,51.61438338,52.98120769,54.33948005,55.68863157,57.02956969,58.3607738,59.68267989,,,
South Africa,ZAF,People using at least basic sanitation services (% of population),SH.STA.BASS.ZS,,,,,,,,,,,,,,,,,,,,,,,,,,,,,,,,,,,,,,,,,59.38702042,60.38497392,61.38318783,62.37185969,63.34632359,64.30602833,65.25149464,66.18279916,67.1001767,68.00308395,68.89211041,69.76721283,70.62861328,71.47563381,72.3089838,73.12882437,,,
Zambia,ZMB,People using at least basic sanitation services (% of population),SH.STA.BASS.ZS,,,,,,,,,,,,,,,,,,,,,,,,,,,,,,,,,,,,,,,,,25.9854027,26.2624633,26.63264308,26.99882944,27.36172858,27.72058127,28.07607247,28.42780932,28.77575998,29.11955812,29.45951703,29.7956049,30.12906441,30.45980007,30.78740842,31.11180988,,,
Zimbabwe,ZWE,People using at least basic sanitation services (% of population),SH.STA.BASS.ZS,,,,,,,,,,,,,,,,,,,,,,,,,,,,,,,,,,,,,,,,,41.7321546,41.80608992,41.6812278,41.46215122,41.22737576,40.99153915,40.75445514,40.51632353,40.27695131,40.03654504,39.79490494,39.55224436,39.30835673,39.06346217,38.82338237,38.58861882,,,